Date,Close
2016-1-4 下午04:00:00,30.15
2016-1-5 下午04:00:00,30.27
2016-1-6 下午04:00:00,29.1
2016-1-7 下午04:00:00,28.39
2016-1-8 下午04:00:00,28.03
2016-1-11 下午04:00:00,27.43
2016-1-12 下午04:00:00,27.49
2016-1-13 下午04:00:00,26.83
2016-1-14 下午04:00:00,27.99
2016-1-15 下午04:00:00,27.18
2016-1-19 下午04:00:00,26.59
2016-1-20 下午04:00:00,25.89
2016-1-21 下午04:00:00,26.69
2016-1-22 下午04:00:00,27.87
2016-1-25 下午04:00:00,26.57
2016-1-26 下午04:00:00,27.58
2016-1-27 下午04:00:00,27.45
2016-1-28 下午04:00:00,28.28
2016-1-29 下午04:00:00,29.11
2016-2-1 下午04:00:00,28.62
2016-2-2 下午04:00:00,27.67
2016-2-3 下午04:00:00,28.65
2016-2-4 下午04:00:00,28.64
2016-2-5 下午04:00:00,27.97
2016-2-8 下午04:00:00,27.83
2016-2-9 下午04:00:00,27.16
2016-2-10 下午04:00:00,27.05
2016-2-11 下午04:00:00,26.93
2016-2-12 下午04:00:00,27.64
2016-2-16 下午04:00:00,27.92
2016-2-17 下午04:00:00,28.83
2016-2-18 下午04:00:00,28.47
2016-2-19 下午04:00:00,28.41
2016-2-22 下午04:00:00,29.13
2016-2-23 下午04:00:00,28.14
2016-2-24 下午04:00:00,28.42
2016-2-25 下午04:00:00,28.45
2016-2-26 下午04:00:00,28.62
2016-2-29 下午04:00:00,28.29
2016-3-1 下午04:00:00,29.03
2016-3-2 下午04:00:00,29.74
2016-3-3 下午04:00:00,30.19
2016-3-4 下午04:00:00,30.48
2016-3-7 下午04:00:00,31.2
2016-3-8 下午04:00:00,29.89
2016-3-9 下午04:00:00,30.37
2016-3-10 下午04:00:00,30.4
2016-3-11 下午04:00:00,31.18
2016-3-14 下午04:00:00,30.98
2016-3-15 下午04:00:00,30.92
2016-3-16 下午04:00:00,31.45
2016-3-17 下午04:00:00,31.88
2016-3-18 下午04:00:00,31.75
2016-3-21 下午04:00:00,31.64
2016-3-22 下午04:00:00,31.46
2016-3-23 下午04:00:00,30.77
2016-3-24 下午04:00:00,30.92
2016-3-28 下午04:00:00,30.76
2016-3-29 下午04:00:00,30.9
2016-3-30 下午04:00:00,30.96
2016-3-31 下午04:00:00,30.95
2016-4-1 下午04:00:00,30.53
2016-4-4 下午04:00:00,30.3
2016-4-5 下午04:00:00,30.1
2016-4-6 下午04:00:00,30.75
2016-4-7 下午04:00:00,30.57
2016-4-8 下午04:00:00,31.19
2016-4-11 下午04:00:00,31.06
2016-4-12 下午04:00:00,31.98
2016-4-13 下午04:00:00,32.13
2016-4-14 下午04:00:00,32.21
2016-4-15 下午04:00:00,31.77
2016-4-18 下午04:00:00,32.3
2016-4-19 下午04:00:00,32.94
2016-4-20 下午04:00:00,33.24
2016-4-21 下午04:00:00,33.04
2016-4-22 下午04:00:00,33.52
2016-4-25 下午04:00:00,33.15
2016-4-26 下午04:00:00,33.67
2016-4-27 下午04:00:00,34.32
2016-4-28 下午04:00:00,33.81
2016-4-29 下午04:00:00,33.75
2016-5-2 下午04:00:00,33.72
2016-5-3 下午04:00:00,32.92
2016-5-4 下午04:00:00,32.45
2016-5-5 下午04:00:00,32.71
2016-5-6 下午04:00:00,32.64
2016-5-9 下午04:00:00,32.16
2016-5-10 下午04:00:00,32.73
2016-5-11 下午04:00:00,32.83
2016-5-12 下午04:00:00,32.92
2016-5-13 下午04:00:00,32.49
2016-5-16 下午04:00:00,33.05
2016-5-17 下午04:00:00,33.2
2016-5-18 下午04:00:00,32.88
2016-5-19 下午04:00:00,32.89
2016-5-20 下午04:00:00,33.08
2016-5-23 下午04:00:00,32.99
2016-5-24 下午04:00:00,33.16
2016-5-25 下午04:00:00,33.69
2016-5-26 下午04:00:00,33.55
2016-5-27 下午04:00:00,33.57
2016-5-31 下午04:00:00,33.44
2016-6-1 下午04:00:00,33.45
2016-6-2 下午04:00:00,33.4
2016-6-3 下午04:00:00,33.27
2016-6-6 下午04:00:00,34.01
2016-6-7 下午04:00:00,34.78
2016-6-8 下午04:00:00,34.7
2016-6-9 下午04:00:00,34.43
2016-6-10 下午04:00:00,33.69
2016-6-13 下午04:00:00,33.59
2016-6-14 下午04:00:00,33.57
2016-6-15 下午04:00:00,33.49
2016-6-16 下午04:00:00,33.33
2016-6-17 下午04:00:00,33.45
2016-6-20 下午04:00:00,33.74
2016-6-21 下午04:00:00,34.14
2016-6-22 下午04:00:00,33.95
2016-6-23 下午04:00:00,34.51
2016-6-24 下午04:00:00,33.39
2016-6-27 下午04:00:00,32.32
2016-6-28 下午04:00:00,33.22
2016-6-29 下午04:00:00,33.85
2016-6-30 下午04:00:00,34.12
2016-7-1 下午04:00:00,34.3
2016-7-5 下午04:00:00,33.61
2016-7-6 下午04:00:00,33.75
2016-7-7 下午04:00:00,33.41
2016-7-8 下午04:00:00,33.85
2016-7-11 下午04:00:00,33.92
2016-7-12 下午04:00:00,34.76
2016-7-13 下午04:00:00,34.46
2016-7-14 下午04:00:00,34.64
2016-7-15 下午04:00:00,34.62
2016-7-18 下午04:00:00,34.64
2016-7-19 下午04:00:00,34.44
2016-7-20 下午04:00:00,34.4
2016-7-21 下午04:00:00,34.06
2016-7-22 下午04:00:00,34.16
2016-7-25 下午04:00:00,33.48
2016-7-26 下午04:00:00,33.67
2016-7-27 下午04:00:00,33.35
2016-7-28 下午04:00:00,33.35
2016-7-29 下午04:00:00,33.69
2016-8-1 下午04:00:00,32.58
2016-8-2 下午04:00:00,32.88
2016-8-3 下午04:00:00,33.51
2016-8-4 下午04:00:00,33.46
2016-8-5 下午04:00:00,33.77
2016-8-8 下午04:00:00,34.22
2016-8-9 下午04:00:00,34.03
2016-8-10 下午04:00:00,33.67
2016-8-11 下午04:00:00,34.16
2016-8-12 下午04:00:00,34.35
2016-8-15 下午04:00:00,34.63
2016-8-16 下午04:00:00,34.68
2016-8-17 下午04:00:00,34.78
2016-8-18 下午04:00:00,35.5
2016-8-19 下午04:00:00,35.21
2016-8-22 下午04:00:00,34.8
2016-8-23 下午04:00:00,35.04
2016-8-24 下午04:00:00,34.91
2016-8-25 下午04:00:00,34.81
2016-8-26 下午04:00:00,34.69
2016-8-29 下午04:00:00,34.92
2016-8-30 下午04:00:00,34.81
2016-8-31 下午04:00:00,34.26
2016-9-1 下午04:00:00,34.16
2016-9-2 下午04:00:00,34.54
2016-9-6 下午04:00:00,35.06
2016-9-7 下午04:00:00,35.26
2016-9-8 下午04:00:00,35.92
2016-9-9 下午04:00:00,34.85
2016-9-12 下午04:00:00,35.2
2016-9-13 下午04:00:00,34.19
2016-9-14 下午04:00:00,33.78
2016-9-15 下午04:00:00,34.21
2016-9-16 下午04:00:00,33.73
2016-9-19 下午04:00:00,33.71
2016-9-20 下午04:00:00,33.46
2016-9-21 下午04:00:00,34.24
2016-9-22 下午04:00:00,34.28
2016-9-23 下午04:00:00,33.82
2016-9-26 下午04:00:00,33.67
2016-9-27 下午04:00:00,33.45
2016-9-28 下午04:00:00,34.89
2016-9-29 下午04:00:00,34.83
2016-9-30 下午04:00:00,35.31
2016-10-3 下午04:00:00,35.28
2016-10-4 下午04:00:00,34.92
2016-10-5 下午04:00:00,35.46
2016-10-6 下午04:00:00,35.51
2016-10-7 下午04:00:00,35.31
2016-10-10 下午04:00:00,35.86
2016-10-11 下午04:00:00,35.45
2016-10-12 下午04:00:00,35.3
2016-10-13 下午04:00:00,35.1
2016-10-14 下午04:00:00,34.9
2016-10-17 下午04:00:00,34.73
2016-10-18 下午04:00:00,34.87
2016-10-19 下午04:00:00,35.37
2016-10-20 下午04:00:00,35.33
2016-10-21 下午04:00:00,35.1
2016-10-24 下午04:00:00,34.99
2016-10-25 下午04:00:00,34.83
2016-10-26 下午04:00:00,34.91
2016-10-27 下午04:00:00,34.78
2016-10-28 下午04:00:00,34.69
2016-10-31 下午04:00:00,34.31
2016-11-1 下午04:00:00,34.32
2016-11-2 下午04:00:00,33.94
2016-11-3 下午04:00:00,34.07
2016-11-4 下午04:00:00,33.89
2016-11-7 下午04:00:00,34.62
2016-11-8 下午04:00:00,34.66
2016-11-9 下午04:00:00,35.23
2016-11-10 下午04:00:00,35.38
2016-11-11 下午04:00:00,34.73
2016-11-14 下午04:00:00,34.92
2016-11-15 下午04:00:00,35.91
2016-11-16 下午04:00:00,35.66
2016-11-17 下午04:00:00,35.42
2016-11-18 下午04:00:00,35.57
2016-11-21 下午04:00:00,36.41
2016-11-22 下午04:00:00,36.39
2016-11-23 下午04:00:00,36.54
2016-11-25 下午04:00:00,36.36
2016-11-28 下午04:00:00,35.85
2016-11-29 下午04:00:00,35.42
2016-11-30 下午04:00:00,37.22
2016-12-1 下午04:00:00,37.31
2016-12-2 下午04:00:00,37.42
2016-12-5 下午04:00:00,37.74
2016-12-6 下午04:00:00,37.67
2016-12-7 下午04:00:00,37.98
2016-12-8 下午04:00:00,38.18
2016-12-9 下午04:00:00,38.3
2016-12-12 下午04:00:00,38.48
2016-12-13 下午04:00:00,38.92
2016-12-14 下午04:00:00,38.14
2016-12-15 下午04:00:00,38.22
2016-12-16 下午04:00:00,38.26
2016-12-19 下午04:00:00,38.08
2016-12-20 下午04:00:00,37.99
2016-12-21 下午04:00:00,38.06
2016-12-22 下午04:00:00,38.21
2016-12-23 下午04:00:00,38.17
2016-12-27 下午04:00:00,38.26
2016-12-28 下午04:00:00,37.85
2016-12-29 下午04:00:00,37.77
2016-12-30 下午04:00:00,37.66
2017-1-3 下午04:00:00,38.09
2017-1-4 下午04:00:00,38.01
2017-1-5 下午04:00:00,37.91
2017-1-6 下午04:00:00,37.95
2017-1-9 下午04:00:00,37.4
2017-1-10 下午04:00:00,37.06
2017-1-11 下午04:00:00,37.46
2017-1-12 下午04:00:00,37.3
2017-1-13 下午04:00:00,37.19
2017-1-17 下午04:00:00,37.42
2017-1-18 下午04:00:00,37.34
2017-1-19 下午04:00:00,37.13
2017-1-20 下午04:00:00,37.27
2017-1-23 下午04:00:00,36.88
2017-1-24 下午04:00:00,37.28
2017-1-25 下午04:00:00,37.48
2017-1-26 下午04:00:00,37.51
2017-1-27 下午04:00:00,37.12
2017-1-30 下午04:00:00,36.44
2017-1-31 下午04:00:00,36.45
2017-2-1 下午04:00:00,36.18
2017-2-2 下午04:00:00,36.39
2017-2-3 下午04:00:00,36.7
2017-2-6 下午04:00:00,36.39
2017-2-7 下午04:00:00,35.88
2017-2-8 下午04:00:00,35.96
2017-2-9 下午04:00:00,36.37
2017-2-10 下午04:00:00,36.64
2017-2-13 下午04:00:00,36.71
2017-2-14 下午04:00:00,36.83
2017-2-15 下午04:00:00,36.69
2017-2-16 下午04:00:00,36.19
2017-2-17 下午04:00:00,35.99
2017-2-21 下午04:00:00,36.23
2017-2-22 下午04:00:00,35.68
2017-2-23 下午04:00:00,35.83
2017-2-24 下午04:00:00,35.49
2017-2-27 下午04:00:00,35.8
2017-2-28 下午04:00:00,35.69
2017-3-1 下午04:00:00,36.41
2017-3-2 下午04:00:00,36.06
2017-3-3 下午04:00:00,35.99
2017-3-6 下午04:00:00,36.08
2017-3-7 下午04:00:00,35.76
2017-3-8 下午04:00:00,34.83
2017-3-9 下午04:00:00,35.06
2017-3-10 下午04:00:00,35.01
2017-3-13 下午04:00:00,35.01
2017-3-14 下午04:00:00,34.62
2017-3-15 下午04:00:00,35.39
2017-3-16 下午04:00:00,35.14
2017-3-17 下午04:00:00,34.9
2017-3-20 下午04:00:00,34.87
2017-3-21 下午04:00:00,34.6
2017-3-22 下午04:00:00,34.56
2017-3-23 下午04:00:00,34.42
2017-3-24 下午04:00:00,34.28
2017-3-27 下午04:00:00,34.12
2017-3-28 下午04:00:00,34.6
2017-3-29 下午04:00:00,35.08
2017-3-30 下午04:00:00,35.07
2017-3-31 下午04:00:00,34.95
2017-4-3 下午04:00:00,34.89
2017-4-4 下午04:00:00,35.15
2017-4-5 下午04:00:00,35.03
2017-4-6 下午04:00:00,35.32
2017-4-7 下午04:00:00,35.18
2017-4-10 下午04:00:00,35.45
2017-4-11 下午04:00:00,35.45
2017-4-12 下午04:00:00,35.3
2017-4-13 下午04:00:00,34.66
2017-4-17 下午04:00:00,34.73
2017-4-18 下午04:00:00,34.41
2017-4-19 下午04:00:00,33.9
2017-4-20 下午04:00:00,34.07
2017-4-21 下午04:00:00,33.9
2017-4-24 下午04:00:00,34.1
2017-4-25 下午04:00:00,34.39
2017-4-26 下午04:00:00,34.27
2017-4-27 下午04:00:00,33.9
2017-4-28 下午04:00:00,33.92
2017-5-1 下午04:00:00,33.83
2017-5-2 下午04:00:00,33.66
2017-5-3 下午04:00:00,33.75
2017-5-4 下午04:00:00,33.13
2017-5-5 下午04:00:00,33.66
2017-5-8 下午04:00:00,33.9
2017-5-9 下午04:00:00,33.62
2017-5-10 下午04:00:00,34.06
2017-5-11 下午04:00:00,33.99
2017-5-12 下午04:00:00,33.88
2017-5-15 下午04:00:00,34.14
2017-5-16 下午04:00:00,33.97
2017-5-17 下午04:00:00,33.64
2017-5-18 下午04:00:00,33.63
2017-5-19 下午04:00:00,34.04
2017-5-22 下午04:00:00,33.97
2017-5-23 下午04:00:00,34.05
2017-5-24 下午04:00:00,33.87
2017-5-25 下午04:00:00,33.25
2017-5-26 下午04:00:00,33.31
2017-5-30 下午04:00:00,32.86
2017-5-31 下午04:00:00,32.72
2017-6-1 下午04:00:00,32.92
2017-6-2 下午04:00:00,32.55
2017-6-5 下午04:00:00,32.6
2017-6-6 下午04:00:00,32.99
2017-6-7 下午04:00:00,32.53
2017-6-8 下午04:00:00,32.43
2017-6-9 下午04:00:00,33.21
2017-6-12 下午04:00:00,33.45
2017-6-13 下午04:00:00,33.7
2017-6-14 下午04:00:00,33.09
2017-6-15 下午04:00:00,32.84
2017-6-16 下午04:00:00,33.15
2017-6-19 下午04:00:00,32.94
2017-6-20 下午04:00:00,32.52
2017-6-21 下午04:00:00,32
2017-6-22 下午04:00:00,31.98
2017-6-23 下午04:00:00,32.19
2017-6-26 下午04:00:00,32.12
2017-6-27 下午04:00:00,32.07
2017-6-28 下午04:00:00,32.24
2017-6-29 下午04:00:00,32.32
2017-6-30 下午04:00:00,32.46
2017-7-3 下午04:00:00,33.09
2017-7-5 下午04:00:00,32.42
2017-7-6 下午04:00:00,32.06
2017-7-7 下午04:00:00,32.01
2017-7-10 下午04:00:00,32.11
2017-7-11 下午04:00:00,32.28
2017-7-12 下午04:00:00,32.38
2017-7-13 下午04:00:00,32.51
2017-7-14 下午04:00:00,32.7
2017-7-17 下午04:00:00,32.66
2017-7-18 下午04:00:00,32.51
2017-7-19 下午04:00:00,32.98
2017-7-20 下午04:00:00,32.88
2017-7-21 下午04:00:00,32.56
2017-7-24 下午04:00:00,32.49
2017-7-25 下午04:00:00,32.91
2017-7-26 下午04:00:00,32.94
2017-7-27 下午04:00:00,33.28
2017-7-28 下午04:00:00,33.24
2017-7-31 下午04:00:00,33.31
2017-8-1 下午04:00:00,33.31
2017-8-2 下午04:00:00,33.18
2017-8-3 下午04:00:00,32.72
2017-8-4 下午04:00:00,32.82
2017-8-7 下午04:00:00,32.57
2017-8-8 下午04:00:00,32.49
2017-8-9 下午04:00:00,32.53
2017-8-10 下午04:00:00,32.18
2017-8-11 下午04:00:00,31.97
2017-8-14 下午04:00:00,31.88
2017-8-15 下午04:00:00,31.76
2017-8-16 下午04:00:00,31.45
2017-8-17 下午04:00:00,31.01
2017-8-18 下午04:00:00,31.16
2017-8-21 下午04:00:00,31
2017-8-22 下午04:00:00,31.21
2017-8-23 下午04:00:00,31.34
2017-8-24 下午04:00:00,31.36
2017-8-25 下午04:00:00,31.5
2017-8-28 下午04:00:00,31.36
2017-8-29 下午04:00:00,31.32
2017-8-30 下午04:00:00,31.34
2017-8-31 下午04:00:00,31.49
2017-9-1 下午04:00:00,31.79
2017-9-5 下午04:00:00,31.97
2017-9-6 下午04:00:00,32.49
2017-9-7 下午04:00:00,32.55
2017-9-8 下午04:00:00,32.2
2017-9-11 下午04:00:00,32.51
2017-9-12 下午04:00:00,32.71
2017-9-13 下午04:00:00,33.12
2017-9-14 下午04:00:00,33.28
2017-9-15 下午04:00:00,32.92
2017-9-18 下午04:00:00,33.06
2017-9-19 下午04:00:00,33.2
2017-9-20 下午04:00:00,33.42
2017-9-21 下午04:00:00,33.43
2017-9-22 下午04:00:00,33.6
2017-9-25 下午04:00:00,34.09
2017-9-26 下午04:00:00,34.07
2017-9-27 下午04:00:00,34.22
2017-9-28 下午04:00:00,34.24
2017-9-29 下午04:00:00,34.24
2017-10-2 下午04:00:00,34.23
2017-10-3 下午04:00:00,34.2
2017-10-4 下午04:00:00,34.17
2017-10-5 下午04:00:00,34.33
2017-10-6 下午04:00:00,34.03
2017-10-9 下午04:00:00,34.1
2017-10-10 下午04:00:00,34.14
2017-10-11 下午04:00:00,34.22
2017-10-12 下午04:00:00,34.09
2017-10-13 下午04:00:00,34.07
2017-10-16 下午04:00:00,34.15
2017-10-17 下午04:00:00,34.17
2017-10-18 下午04:00:00,33.92
2017-10-19 下午04:00:00,33.82
2017-10-20 下午04:00:00,33.89
2017-10-23 下午04:00:00,33.71
2017-10-24 下午04:00:00,33.78
2017-10-25 下午04:00:00,33.54
2017-10-26 下午04:00:00,33.61
2017-10-27 下午04:00:00,33.67
2017-10-30 下午04:00:00,33.85
2017-10-31 下午04:00:00,33.96
2017-11-1 下午04:00:00,34.34
2017-11-2 下午04:00:00,34.24
2017-11-3 下午04:00:00,34.34
2017-11-6 下午04:00:00,35.13
2017-11-7 下午04:00:00,35.08
2017-11-8 下午04:00:00,34.91
2017-11-9 下午04:00:00,35.02
2017-11-10 下午04:00:00,34.83
2017-11-13 下午04:00:00,34.63
2017-11-14 下午04:00:00,34.07
2017-11-15 下午04:00:00,33.69
2017-11-16 下午04:00:00,33.55
2017-11-17 下午04:00:00,33.72
2017-11-20 下午04:00:00,33.64
2017-11-21 下午04:00:00,33.71
2017-11-22 下午04:00:00,33.85
2017-11-24 下午04:00:00,33.94
2017-11-27 下午04:00:00,33.6
2017-11-28 下午04:00:00,33.85
2017-11-29 下午04:00:00,34.04
2017-11-30 下午04:00:00,34.55
2017-12-1 下午04:00:00,34.84
2017-12-4 下午04:00:00,34.83
2017-12-5 下午04:00:00,34.67
2017-12-6 下午04:00:00,34.23
2017-12-7 下午04:00:00,34.33
2017-12-8 下午04:00:00,34.64
2017-12-11 下午04:00:00,34.89
2017-12-12 下午04:00:00,34.8
2017-12-13 下午04:00:00,34.74
2017-12-14 下午04:00:00,34.62
2017-12-15 下午04:00:00,34.36
2017-12-18 下午04:00:00,34.63
2017-12-19 下午04:00:00,34.67
2017-12-20 下午04:00:00,35.17
2017-12-21 下午04:00:00,35.91
2017-12-22 下午04:00:00,35.99
2017-12-26 下午04:00:00,36.3
2017-12-27 下午04:00:00,36.18
2017-12-28 下午04:00:00,36.24
2017-12-29 下午04:00:00,36.13
2018-1-2 下午04:00:00,36.73
2018-1-3 下午04:00:00,37.28
2018-1-4 下午04:00:00,37.5
2018-1-5 下午04:00:00,37.49
2018-1-8 下午04:00:00,37.71
2018-1-9 下午04:00:00,37.62
2018-1-10 下午04:00:00,37.57
2018-1-11 下午04:00:00,38.34
2018-1-12 下午04:00:00,38.71
2018-1-16 下午04:00:00,38.22
2018-1-17 下午04:00:00,38.56
2018-1-18 下午04:00:00,38.24
2018-1-19 下午04:00:00,38.19
2018-1-22 下午04:00:00,39.02
2018-1-23 下午04:00:00,38.96
2018-1-24 下午04:00:00,38.85
2018-1-25 下午04:00:00,38.55
2018-1-26 下午04:00:00,38.76
2018-1-29 下午04:00:00,38.17
2018-1-30 下午04:00:00,37.4
2018-1-31 下午04:00:00,37.42
2018-2-1 下午04:00:00,37.81
2018-2-2 下午04:00:00,36.23
2018-2-5 下午04:00:00,34.71
2018-2-6 下午04:00:00,34.99
2018-2-7 下午04:00:00,34.4
2018-2-8 下午04:00:00,33.36
2018-2-9 下午04:00:00,33.34
2018-2-12 下午04:00:00,33.88
2018-2-13 下午04:00:00,33.74
2018-2-14 下午04:00:00,34.23
2018-2-15 下午04:00:00,34.15
2018-2-16 下午04:00:00,34.06
2018-2-20 下午04:00:00,33.88
2018-2-21 下午04:00:00,33.31
2018-2-22 下午04:00:00,33.67
2018-2-23 下午04:00:00,34.4
2018-2-26 下午04:00:00,34.6
2018-2-27 下午04:00:00,34.16
2018-2-28 下午04:00:00,33.37
2018-3-1 下午04:00:00,33.32
2018-3-2 下午04:00:00,33.48
2018-3-5 下午04:00:00,33.83
2018-3-6 下午04:00:00,33.85
2018-3-7 下午04:00:00,33.6
2018-3-8 下午04:00:00,33.59
2018-3-9 下午04:00:00,34.23
2018-3-12 下午04:00:00,34.22
2018-3-13 下午04:00:00,33.97
2018-3-14 下午04:00:00,33.77
2018-3-15 下午04:00:00,33.6
2018-3-16 下午04:00:00,33.66
2018-3-19 下午04:00:00,33.14
2018-3-20 下午04:00:00,33.42
2018-3-21 下午04:00:00,34.29
2018-3-22 下午04:00:00,33.59
2018-3-23 下午04:00:00,33.39
2018-3-26 下午04:00:00,33.99
2018-3-27 下午04:00:00,33.67
2018-3-28 下午04:00:00,33.01
2018-3-29 下午04:00:00,33.71
2018-4-2 下午04:00:00,33.03
2018-4-3 下午04:00:00,33.74
2018-4-4 下午04:00:00,33.69
2018-4-5 下午04:00:00,34.3
2018-4-6 下午04:00:00,33.67
2018-4-9 下午04:00:00,33.84
2018-4-10 下午04:00:00,34.96
2018-4-11 下午04:00:00,35.32
2018-4-12 下午04:00:00,35.32
2018-4-13 下午04:00:00,35.71
2018-4-16 下午04:00:00,36.07
2018-4-17 下午04:00:00,36.21
2018-4-18 下午04:00:00,36.78
2018-4-19 下午04:00:00,36.83
2018-4-20 下午04:00:00,36.65
2018-4-23 下午04:00:00,36.88
2018-4-24 下午04:00:00,36.48
2018-4-25 下午04:00:00,36.77
2018-4-26 下午04:00:00,37.31
2018-4-27 下午04:00:00,36.91
2018-4-30 下午04:00:00,36.91
2018-5-1 下午04:00:00,36.68
2018-5-2 下午04:00:00,36.83
2018-5-3 下午04:00:00,36.74
2018-5-4 下午04:00:00,36.92
2018-5-7 下午04:00:00,36.98
2018-5-8 下午04:00:00,37.27
2018-5-9 下午04:00:00,38.03
2018-5-10 下午04:00:00,38.31
2018-5-11 下午04:00:00,38.37
2018-5-14 下午04:00:00,38.63
2018-5-15 下午04:00:00,38.64
2018-5-16 下午04:00:00,38.78
2018-5-17 下午04:00:00,39.36
2018-5-18 下午04:00:00,39.06
2018-5-21 下午04:00:00,39.46
2018-5-22 下午04:00:00,38.93
2018-5-23 下午04:00:00,38.92
2018-5-24 下午04:00:00,38.28
2018-5-25 下午04:00:00,37.29
2018-5-29 下午04:00:00,37.17
2018-5-30 下午04:00:00,38.3
2018-5-31 下午04:00:00,38.01
2018-6-1 下午04:00:00,38.19
2018-6-4 下午04:00:00,37.86
2018-6-5 下午04:00:00,37.77
2018-6-6 下午04:00:00,37.95
2018-6-7 下午04:00:00,38.53
2018-6-8 下午04:00:00,38.45
2018-6-11 下午04:00:00,38.65
2018-6-12 下午04:00:00,38.35
2018-6-13 下午04:00:00,38.21
2018-6-14 下午04:00:00,38.16
2018-6-15 下午04:00:00,37.09
2018-6-18 下午04:00:00,37.46
2018-6-19 下午04:00:00,37.37
2018-6-20 下午04:00:00,37.53
2018-6-21 下午04:00:00,36.84
2018-6-22 下午04:00:00,37.58
2018-6-25 下午04:00:00,36.82
2018-6-26 下午04:00:00,37.28
2018-6-27 下午04:00:00,37.78
2018-6-28 下午04:00:00,37.74
2018-6-29 下午04:00:00,37.97
2018-7-2 下午04:00:00,37.41
2018-7-3 下午01:00:00,37.65
2018-7-5 下午04:00:00,37.6
2018-7-6 下午04:00:00,37.84
2018-7-9 下午04:00:00,38.4
2018-7-10 下午04:00:00,38.69
2018-7-11 下午04:00:00,37.87
2018-7-12 下午04:00:00,37.93
2018-7-13 下午04:00:00,38.13
2018-7-16 下午04:00:00,37.69
2018-7-17 下午04:00:00,37.54
2018-7-18 下午04:00:00,37.57
2018-7-19 下午04:00:00,37.58
2018-7-20 下午04:00:00,37.45
2018-7-23 下午04:00:00,37.28
2018-7-24 下午04:00:00,37.75
2018-7-25 下午04:00:00,38.07
2018-7-26 下午04:00:00,38.48
2018-7-27 下午04:00:00,38.32
2018-7-30 下午04:00:00,38.63
2018-7-31 下午04:00:00,38.56
2018-8-1 下午04:00:00,38.03
2018-8-2 下午04:00:00,37.82
2018-8-3 下午04:00:00,37.62
2018-8-6 下午04:00:00,37.76
2018-8-7 下午04:00:00,38.04
2018-8-8 下午04:00:00,37.77
2018-8-9 下午04:00:00,37.42
2018-8-10 下午04:00:00,37.65
2018-8-13 下午04:00:00,37.17
2018-8-14 下午04:00:00,37.26
2018-8-15 下午04:00:00,35.96
2018-8-16 下午04:00:00,36.22
2018-8-17 下午04:00:00,36.31
2018-8-20 下午04:00:00,36.55
2018-8-21 下午04:00:00,36.74
2018-8-22 下午04:00:00,37.17
2018-8-23 下午04:00:00,37
2018-8-24 下午04:00:00,37.27
2018-8-27 下午04:00:00,37.55
2018-8-28 下午04:00:00,37.39
2018-8-29 下午04:00:00,37.62
2018-8-30 下午04:00:00,37.51
2018-8-31 下午04:00:00,37.22
2018-9-4 下午04:00:00,37.14
2018-9-5 下午04:00:00,37.09
2018-9-6 下午04:00:00,36.41
2018-9-7 下午04:00:00,36.4
2018-9-10 下午04:00:00,36.39
2018-9-11 下午04:00:00,36.73
2018-9-12 下午04:00:00,36.92
2018-9-13 下午04:00:00,36.94
2018-9-14 下午04:00:00,37.13
2018-9-17 下午04:00:00,37.19
2018-9-18 下午04:00:00,37.44
2018-9-19 下午04:00:00,37.55
2018-9-20 下午04:00:00,37.56
2018-9-21 下午04:00:00,37.55
2018-9-24 下午04:00:00,38.1
2018-9-25 下午04:00:00,38.35
2018-9-26 下午04:00:00,37.98
2018-9-27 下午04:00:00,37.98
2018-9-28 下午04:00:00,37.87
2018-10-1 下午04:00:00,38.4
2018-10-2 下午04:00:00,38.44
2018-10-3 下午04:00:00,38.74
2018-10-4 下午04:00:00,38.59
2018-10-5 下午04:00:00,38.58
2018-10-8 下午04:00:00,38.55
2018-10-9 下午04:00:00,38.9
2018-10-10 下午04:00:00,37.67
2018-10-11 下午04:00:00,36.4
2018-10-12 下午04:00:00,36.5
2018-10-15 下午04:00:00,36.2
2018-10-16 下午04:00:00,36.49
2018-10-17 下午04:00:00,36.27
2018-10-18 下午04:00:00,36.09
2018-10-19 下午04:00:00,35.77
2018-10-22 下午04:00:00,35.37
2018-10-23 下午04:00:00,34.45
2018-10-24 下午04:00:00,33.09
2018-10-25 下午04:00:00,33.49
2018-10-26 下午04:00:00,33.24
2018-10-29 下午04:00:00,32.62
2018-10-30 下午04:00:00,33.38
2018-10-31 下午04:00:00,33.58
2018-11-1 下午04:00:00,33.87
2018-11-2 下午04:00:00,33.78
2018-11-5 下午04:00:00,34.35
2018-11-6 下午04:00:00,34.51
2018-11-7 下午04:00:00,35.07
2018-11-8 下午04:00:00,34.31
2018-11-9 下午04:00:00,34.25
2018-11-12 下午04:00:00,33.54
2018-11-13 下午04:00:00,32.77
2018-11-14 下午04:00:00,32.72
2018-11-15 下午04:00:00,33.2
2018-11-16 下午04:00:00,33.59
2018-11-19 下午04:00:00,33.58
2018-11-20 下午04:00:00,32.48
2018-11-21 下午04:00:00,32.99
2018-11-23 下午01:00:00,31.96
2018-11-26 下午04:00:00,32.44
2018-11-27 下午04:00:00,32.35
2018-11-28 下午04:00:00,32.9
2018-11-29 下午04:00:00,33.12
2018-11-30 下午04:00:00,33.06
2018-12-3 下午04:00:00,33.79
2018-12-4 下午04:00:00,32.82
2018-12-6 下午04:00:00,32.22
2018-12-7 下午04:00:00,32.03
2018-12-10 下午04:00:00,31.54
2018-12-11 下午04:00:00,31.55
2018-12-12 下午04:00:00,31.67
2018-12-13 下午04:00:00,31.77
2018-12-14 下午04:00:00,31.05
2018-12-17 下午04:00:00,30.48
2018-12-18 下午04:00:00,29.76
2018-12-19 下午04:00:00,29.41
2018-12-20 下午04:00:00,28.6
2018-12-21 下午04:00:00,28.06
2018-12-24 下午01:00:00,26.92
2018-12-26 下午04:00:00,28.6
2018-12-27 下午04:00:00,28.75
2018-12-28 下午04:00:00,28.53
2018-12-31 下午04:00:00,28.68
2019-1-2 下午04:00:00,29.24
2019-1-3 下午04:00:00,28.95
2019-1-4 下午04:00:00,29.94
2019-1-7 下午04:00:00,30.38
2019-1-8 下午04:00:00,30.62
2019-1-9 下午04:00:00,31.1
2019-1-10 下午04:00:00,31.19
2019-1-11 下午04:00:00,31.01
2019-1-14 下午04:00:00,30.93
2019-1-15 下午04:00:00,31.04
2019-1-16 下午04:00:00,31
2019-1-17 下午04:00:00,31.29
2019-1-18 下午04:00:00,31.92
2019-1-22 下午04:00:00,31.23
2019-1-23 下午04:00:00,30.91
2019-1-24 下午04:00:00,31.07
2019-1-25 下午04:00:00,31.47
2019-1-28 下午04:00:00,31.15
2019-1-29 下午04:00:00,31.25
2019-1-30 下午04:00:00,31.69
2019-1-31 下午04:00:00,31.89
2019-2-1 下午04:00:00,32.45
2019-2-4 下午04:00:00,32.52
2019-2-5 下午04:00:00,32.57
2019-2-6 下午04:00:00,32.33
2019-2-7 下午04:00:00,31.62
2019-2-8 下午04:00:00,31.47
2019-2-11 下午04:00:00,31.62
2019-2-12 下午04:00:00,32.02
2019-2-13 下午04:00:00,32.42
2019-2-14 下午04:00:00,32.53
2019-2-15 下午04:00:00,33.06
2019-2-19 下午04:00:00,33.16
2019-2-20 下午04:00:00,33.3
2019-2-21 下午04:00:00,32.78
2019-2-22 下午04:00:00,32.88
2019-2-25 下午04:00:00,32.94
2019-2-26 下午04:00:00,32.83
2019-2-27 下午04:00:00,32.96
2019-2-28 下午04:00:00,32.63
2019-3-1 下午04:00:00,33.23
2019-3-4 下午04:00:00,33.28
2019-3-5 下午04:00:00,33.17
2019-3-6 下午04:00:00,32.76
2019-3-7 下午04:00:00,32.56
2019-3-8 下午04:00:00,31.95
2019-3-11 下午04:00:00,32.45
2019-3-12 下午04:00:00,32.66
2019-3-13 下午04:00:00,32.99
2019-3-14 下午04:00:00,33.03
2019-3-15 下午04:00:00,32.76
2019-3-18 下午04:00:00,33.21
2019-3-19 下午04:00:00,33.12
2019-3-20 下午04:00:00,33.41
2019-3-21 下午04:00:00,33.65
2019-3-22 下午04:00:00,32.74
2019-3-25 下午04:00:00,32.75
2019-3-26 下午04:00:00,33.22
2019-3-27 下午04:00:00,32.99
2019-3-28 下午04:00:00,33.11
2019-3-29 下午04:00:00,33.06
2019-4-1 下午04:00:00,33.49
2019-4-2 下午04:00:00,33.27
2019-4-3 下午04:00:00,32.95
2019-4-4 下午04:00:00,33.22
2019-4-5 下午04:00:00,33.81
2019-4-8 下午04:00:00,33.96
2019-4-9 下午04:00:00,33.54
2019-4-10 下午04:00:00,33.67
2019-4-11 下午04:00:00,33.69
2019-4-12 下午04:00:00,33.78
2019-4-15 下午04:00:00,33.58
2019-4-16 下午04:00:00,33.8
2019-4-17 下午04:00:00,33.76
2019-4-18 下午04:00:00,33.6
2019-4-22 下午04:00:00,34.31
2019-4-23 下午04:00:00,34.25
2019-4-24 下午04:00:00,33.65
2019-4-25 下午04:00:00,33.55
2019-4-26 下午04:00:00,33.11
2019-4-29 下午04:00:00,33.08
2019-4-30 下午04:00:00,33.06
2019-5-1 下午04:00:00,32.4
2019-5-2 下午04:00:00,31.83
2019-5-3 下午04:00:00,32.13
2019-5-6 下午04:00:00,32.16
2019-5-7 下午04:00:00,31.88
2019-5-8 下午04:00:00,31.88
2019-5-9 下午04:00:00,31.88
2019-5-10 下午04:00:00,32.03
2019-5-13 下午04:00:00,31.48
2019-5-14 下午04:00:00,31.86
2019-5-15 下午04:00:00,32.03
2019-5-16 下午04:00:00,32.2
2019-5-17 下午04:00:00,31.88
2019-5-20 下午04:00:00,31.89
2019-5-21 下午04:00:00,32.26
2019-5-22 下午04:00:00,31.76
2019-5-23 下午04:00:00,30.7
2019-5-24 下午04:00:00,30.81
2019-5-28 下午04:00:00,30.49
2019-5-29 下午04:00:00,30.3
2019-5-30 下午04:00:00,29.91
2019-5-31 下午04:00:00,29.39
2019-6-3 下午04:00:00,29.76
2019-6-4 下午04:00:00,30.28
2019-6-5 下午04:00:00,29.94
2019-6-6 下午04:00:00,30.5
2019-6-7 下午04:00:00,30.64
2019-6-10 下午04:00:00,30.73
2019-6-11 下午04:00:00,30.79
2019-6-12 下午04:00:00,30.35
2019-6-13 下午04:00:00,30.71
2019-6-14 下午04:00:00,30.51
2019-6-17 下午04:00:00,30.76
2019-6-18 下午04:00:00,31.19
2019-6-19 下午04:00:00,31.15
2019-6-20 下午04:00:00,31.84
2019-6-21 下午04:00:00,31.78
2019-6-24 下午04:00:00,31.5
2019-6-25 下午04:00:00,31.25
2019-6-26 下午04:00:00,31.73
2019-6-27 下午04:00:00,31.49
2019-6-28 下午04:00:00,31.86
2019-7-1 下午04:00:00,31.89
2019-7-2 下午04:00:00,31.38
2019-7-3 下午01:00:00,31.5
2019-7-5 下午04:00:00,31.55
2019-7-8 下午04:00:00,31.59
2019-7-9 下午04:00:00,31.62
2019-7-10 下午04:00:00,32.02
2019-7-11 下午04:00:00,32.09
2019-7-12 下午04:00:00,32.22
2019-7-15 下午04:00:00,31.93
2019-7-16 下午04:00:00,31.59
2019-7-17 下午04:00:00,31.23
2019-7-18 下午04:00:00,31.24
2019-7-19 下午04:00:00,31.38
2019-7-22 下午04:00:00,31.53
2019-7-23 下午04:00:00,31.61
2019-7-24 下午04:00:00,31.75
2019-7-25 下午04:00:00,31.39
2019-7-26 下午04:00:00,31.23
2019-7-29 下午04:00:00,31.1
2019-7-30 下午04:00:00,31.45
2019-7-31 下午04:00:00,31.35
2019-8-1 下午04:00:00,30.64
2019-8-2 下午04:00:00,30.2
2019-8-5 下午04:00:00,29.3
2019-8-6 下午04:00:00,29.27
2019-8-7 下午04:00:00,29.05
2019-8-8 下午04:00:00,29.88
2019-8-9 下午04:00:00,29.55
2019-8-12 下午04:00:00,29.2
2019-8-13 下午04:00:00,29.47
2019-8-14 下午04:00:00,28.32
2019-8-15 下午04:00:00,28.14
2019-8-16 下午04:00:00,28.51
2019-8-19 下午04:00:00,29.14
2019-8-20 下午04:00:00,28.9
2019-8-21 下午04:00:00,29.08
2019-8-22 下午04:00:00,28.95
2019-8-23 下午04:00:00,27.98
2019-8-26 下午04:00:00,28.1
2019-8-27 下午04:00:00,27.93
2019-8-28 下午04:00:00,28.33
2019-8-29 下午04:00:00,28.74
2019-8-30 下午04:00:00,28.74
2019-9-3 下午04:00:00,28.6
2019-9-4 下午04:00:00,29
2019-9-5 下午04:00:00,29.36
2019-9-6 下午04:00:00,29.52
2019-9-9 下午04:00:00,30.11
2019-9-10 下午04:00:00,30.46
2019-9-11 下午04:00:00,30.49
2019-9-12 下午04:00:00,30.3
2019-9-13 下午04:00:00,30.54
2019-9-16 下午04:00:00,31.57
2019-9-17 下午04:00:00,31.13
2019-9-18 下午04:00:00,30.98
2019-9-19 下午04:00:00,30.9
2019-9-20 下午04:00:00,30.64
2019-9-23 下午04:00:00,30.65
2019-9-24 下午04:00:00,30.17
2019-9-25 下午04:00:00,30.22
2019-9-26 下午04:00:00,29.82
2019-9-27 下午04:00:00,29.82
2019-9-30 下午04:00:00,29.6
2019-10-1 下午04:00:00,28.92
2019-10-2 下午04:00:00,28.21
2019-10-3 下午04:00:00,28.51
2019-10-4 下午04:00:00,28.69
2019-10-7 下午04:00:00,28.44
2019-10-8 下午04:00:00,27.95
2019-10-9 下午04:00:00,28.21
2019-10-10 下午04:00:00,28.56
2019-10-11 下午04:00:00,28.95
2019-10-14 下午04:00:00,28.93
2019-10-15 下午04:00:00,29.05
2019-10-16 下午04:00:00,28.65
2019-10-17 下午04:00:00,28.67
2019-10-18 下午04:00:00,28.52
2019-10-21 下午04:00:00,29.03
2019-10-22 下午04:00:00,29.4
2019-10-23 下午04:00:00,29.65
2019-10-24 下午04:00:00,29.52
2019-10-25 下午04:00:00,29.76
2019-10-28 下午04:00:00,29.59
2019-10-29 下午04:00:00,29.71
2019-10-30 下午04:00:00,29.11
2019-10-31 下午04:00:00,28.98
2019-11-1 下午04:00:00,29.64
2019-11-4 下午04:00:00,30.61
2019-11-5 下午04:00:00,30.65
2019-11-6 下午04:00:00,30.02
2019-11-7 下午04:00:00,30.47
2019-11-8 下午04:00:00,30.35
2019-11-11 下午04:00:00,30.18
2019-11-12 下午04:00:00,30.02
2019-11-13 下午04:00:00,29.89
2019-11-14 下午04:00:00,29.81
2019-11-15 下午04:00:00,30.04
2019-11-18 下午04:00:00,29.68
2019-11-19 下午04:00:00,29.24
2019-11-20 下午04:00:00,29.53
2019-11-21 下午04:00:00,30.02
2019-11-22 下午04:00:00,29.92
2019-11-25 下午04:00:00,29.95
2019-11-26 下午04:00:00,29.67
2019-11-27 下午04:00:00,29.75
2019-11-29 下午01:00:00,29.45
2019-12-2 下午04:00:00,29.45
2019-12-3 下午04:00:00,29.01
2019-12-4 下午04:00:00,29.44
2019-12-5 下午04:00:00,29.3
2019-12-6 下午04:00:00,29.86
2019-12-9 下午04:00:00,29.83
2019-12-10 下午04:00:00,29.89
2019-12-11 下午04:00:00,29.84
2019-12-12 下午04:00:00,30.39
2019-12-13 下午04:00:00,30.16
2019-12-16 下午04:00:00,30.56
2019-12-17 下午04:00:00,30.58
2019-12-18 下午04:00:00,30.7
2019-12-19 下午04:00:00,30.69
2019-12-20 下午04:00:00,30.68
2019-12-23 下午04:00:00,31
2019-12-24 下午01:00:00,30.98
2019-12-26 下午04:00:00,30.97
2019-12-27 下午04:00:00,30.84
2019-12-30 下午04:00:00,29.85
2019-12-31 下午04:00:00,30.02
2020-1-2 下午04:00:00,30.29
2020-1-3 下午04:00:00,30.2
2020-1-6 下午04:00:00,30.44
2020-1-7 下午04:00:00,30.36
2020-1-8 下午04:00:00,29.86
2020-1-9 下午04:00:00,30.08
2020-1-10 下午04:00:00,29.91
2020-1-13 下午04:00:00,29.92
2020-1-14 下午04:00:00,29.92
2020-1-15 下午04:00:00,29.7
2020-1-16 下午04:00:00,29.75
2020-1-17 下午04:00:00,29.56
2020-1-21 下午04:00:00,29.03
2020-1-22 下午04:00:00,28.75
2020-1-23 下午04:00:00,28.64
2020-1-24 下午04:00:00,28.31
2020-1-27 下午04:00:00,27.53
2020-1-28 下午04:00:00,27.65
2020-1-29 下午04:00:00,27.36
2020-1-30 下午04:00:00,27.58
2020-1-31 下午04:00:00,26.72
2020-2-3 下午04:00:00,26.37
2020-2-4 下午04:00:00,26.47
2020-2-5 下午04:00:00,27.46
2020-2-6 下午04:00:00,27.18
2020-2-7 下午04:00:00,26.99
2020-2-10 下午04:00:00,26.86
2020-2-11 下午04:00:00,27.16
2020-2-12 下午04:00:00,27.52
2020-2-13 下午04:00:00,27.44
2020-2-14 下午04:00:00,27.29
2020-2-18 下午04:00:00,27.07
2020-2-19 下午04:00:00,27.43
2020-2-20 下午04:00:00,27.4
2020-2-21 下午04:00:00,27.07
2020-2-24 下午04:00:00,25.82
2020-2-25 下午04:00:00,24.68
2020-2-26 下午04:00:00,23.94
2020-2-27 下午04:00:00,22.66
2020-2-28 下午04:00:00,22.64
2020-3-2 下午04:00:00,23.55
2020-3-3 下午04:00:00,22.83
2020-3-4 下午04:00:00,23.37
2020-3-5 下午04:00:00,22.52
2020-3-6 下午04:00:00,21.25
2020-3-9 下午04:00:00,16.97
2020-3-10 下午04:00:00,17.77
2020-3-11 下午04:00:00,16.84
2020-3-12 下午04:00:00,14.74
2020-3-13 下午04:00:00,16.1
2020-3-16 下午04:00:00,13.91
2020-3-17 下午04:00:00,14
2020-3-18 下午04:00:00,11.99
2020-3-19 下午04:00:00,12.81
2020-3-20 下午04:00:00,12.93
2020-3-23 下午04:00:00,11.79
2020-3-24 下午04:00:00,13.68
2020-3-25 下午04:00:00,14.32
2020-3-26 下午04:00:00,15.2
2020-3-27 下午04:00:00,14.17
2020-3-30 下午04:00:00,14.31
2020-3-31 下午04:00:00,14.53
2020-4-1 下午04:00:00,13.81
2020-4-2 下午04:00:00,15.08
2020-4-3 下午04:00:00,14.92
2020-4-6 下午04:00:00,15.71
2020-4-7 下午04:00:00,16.04
2020-4-8 下午04:00:00,17.11
2020-4-9 下午04:00:00,16.95
2020-4-13 下午04:00:00,16.9
2020-4-14 下午04:00:00,16.82
2020-4-15 下午04:00:00,16.03
2020-4-16 下午04:00:00,15.35
2020-4-17 下午04:00:00,16.98
2020-4-20 下午04:00:00,16.45
2020-4-21 下午04:00:00,16.16
2020-4-22 下午04:00:00,16.73
2020-4-23 下午04:00:00,17.27
2020-4-24 下午04:00:00,17.31
2020-4-27 下午04:00:00,17.68
2020-4-28 下午04:00:00,18.09
2020-4-29 下午04:00:00,19.43
2020-4-30 下午04:00:00,19
2020-5-1 下午04:00:00,17.93
2020-5-4 下午04:00:00,18.55
2020-5-5 下午04:00:00,18.56
2020-5-6 下午04:00:00,18.08
2020-5-7 下午04:00:00,18.55
2020-5-8 下午04:00:00,19.39
2020-5-11 下午04:00:00,19.05
2020-5-12 下午04:00:00,18.72
2020-5-13 下午04:00:00,17.86
2020-5-14 下午04:00:00,18.07
2020-5-15 下午04:00:00,18
2020-5-18 下午04:00:00,19.47
2020-5-19 下午04:00:00,18.92
2020-5-20 下午04:00:00,19.68
2020-5-21 下午04:00:00,19.36
2020-5-22 下午04:00:00,19.24
2020-5-26 下午04:00:00,19.77
2020-5-27 下午04:00:00,20.03
2020-5-28 下午04:00:00,19.47
2020-5-29 下午04:00:00,19.38
2020-6-1 下午04:00:00,19.72
2020-6-2 下午04:00:00,20.27
2020-6-3 下午04:00:00,20.87
2020-6-4 下午04:00:00,20.87
2020-6-5 下午04:00:00,22.42
2020-6-8 下午04:00:00,23.43
2020-6-9 下午04:00:00,22.55
2020-6-10 下午04:00:00,21.44
2020-6-11 下午04:00:00,19.42
2020-6-12 下午04:00:00,19.91
2020-6-15 下午04:00:00,19.97
2020-6-16 下午04:00:00,20.55
2020-6-17 下午04:00:00,19.85
2020-6-18 下午04:00:00,20.09
2020-6-19 下午04:00:00,19.79
2020-6-22 下午04:00:00,19.63
2020-6-23 下午04:00:00,19.65
2020-6-24 下午04:00:00,18.56
2020-6-25 下午04:00:00,18.91
2020-6-26 下午04:00:00,18.26
2020-6-29 下午04:00:00,18.5
2020-6-30 下午04:00:00,18.93
2020-7-1 下午04:00:00,18.47
2020-7-2 下午04:00:00,18.67
2020-7-6 下午04:00:00,18.73
2020-7-7 下午04:00:00,18.13
2020-7-8 下午04:00:00,18.11
2020-7-9 下午04:00:00,17.22
2020-7-10 下午04:00:00,17.77
2020-7-13 下午04:00:00,17.68
2020-7-14 下午04:00:00,18.3
2020-7-15 下午04:00:00,18.69
2020-7-16 下午04:00:00,18.61
2020-7-17 下午04:00:00,18.35
2020-7-20 下午04:00:00,18.04
2020-7-21 下午04:00:00,19.13
2020-7-22 下午04:00:00,18.9
2020-7-23 下午04:00:00,18.86
2020-7-24 下午04:00:00,18.76
2020-7-27 下午04:00:00,18.77
2020-7-28 下午04:00:00,18.45
2020-7-29 下午04:00:00,18.84
2020-7-30 下午04:00:00,18.1
2020-7-31 下午04:00:00,18.02
2020-8-3 下午04:00:00,18.08
2020-8-4 下午04:00:00,18.52
2020-8-5 下午04:00:00,18.72
2020-8-6 下午04:00:00,18.57
2020-8-7 下午04:00:00,18.59
2020-8-10 下午04:00:00,19.17
2020-8-11 下午04:00:00,19.1
2020-8-12 下午04:00:00,19.29
2020-8-13 下午04:00:00,18.92
2020-8-14 下午04:00:00,19.1
2020-8-17 下午04:00:00,18.99
2020-8-18 下午04:00:00,18.75
2020-8-19 下午04:00:00,18.53
2020-8-20 下午04:00:00,18.13
2020-8-21 下午04:00:00,18.02
2020-8-24 下午04:00:00,18.51
2020-8-25 下午04:00:00,18.25
2020-8-26 下午04:00:00,17.86
2020-8-27 下午04:00:00,17.9
2020-8-28 下午04:00:00,18.22
2020-8-31 下午04:00:00,17.83
2020-9-1 下午04:00:00,17.7
2020-9-2 下午04:00:00,17.62
2020-9-3 下午04:00:00,17.49
2020-9-4 下午04:00:00,17.43
2020-9-8 下午04:00:00,16.8
2020-9-9 下午04:00:00,16.92
2020-9-10 下午04:00:00,16.3
2020-9-11 下午04:00:00,16.31
2020-9-14 下午04:00:00,16.43
2020-9-15 下午04:00:00,16.32
2020-9-16 下午04:00:00,16.97
2020-9-17 下午04:00:00,17
2020-9-18 下午04:00:00,16.81
2020-9-21 下午04:00:00,15.99
2020-9-22 下午04:00:00,15.82
2020-9-23 下午04:00:00,15.11
2020-9-24 下午04:00:00,15.1
2020-9-25 下午04:00:00,15.09
2020-9-28 下午04:00:00,15.45
2020-9-29 下午04:00:00,15.02
2020-9-30 下午04:00:00,14.98
2020-10-1 下午04:00:00,14.52
2020-10-2 下午04:00:00,14.66
2020-10-5 下午04:00:00,15.1
2020-10-6 下午04:00:00,14.87
2020-10-7 下午04:00:00,15.08
2020-10-8 下午04:00:00,15.65
2020-10-9 下午04:00:00,15.4
2020-10-12 下午04:00:00,15.44
2020-10-13 下午04:00:00,15.2
2020-10-14 下午04:00:00,15.26
2020-10-15 下午04:00:00,15.45
2020-10-16 下午04:00:00,15.1
2020-10-19 下午04:00:00,14.78
2020-10-20 下午04:00:00,14.95
2020-10-21 下午04:00:00,14.67
2020-10-22 下午04:00:00,15.27
2020-10-23 下午04:00:00,15.2
2020-10-26 下午04:00:00,14.65
2020-10-27 下午04:00:00,14.46
2020-10-28 下午04:00:00,13.86
2020-10-29 下午04:00:00,14.28
2020-10-30 下午04:00:00,14.36
2020-11-2 下午04:00:00,14.85
2020-11-3 下午04:00:00,14.77
2020-11-4 下午04:00:00,14.79
2020-11-5 下午04:00:00,14.79
2020-11-6 下午04:00:00,14.47
2020-11-9 下午04:00:00,16.53
2020-11-10 下午04:00:00,17.07
2020-11-11 下午04:00:00,16.89
2020-11-12 下午04:00:00,16.35
2020-11-13 下午04:00:00,16.94
2020-11-16 下午04:00:00,18.06
2020-11-17 下午04:00:00,18.24
2020-11-18 下午04:00:00,17.71
2020-11-19 下午04:00:00,18
2020-11-20 下午04:00:00,17.91
2020-11-23 下午04:00:00,19.17
2020-11-24 下午04:00:00,20.16
2020-11-25 下午04:00:00,19.68
2020-11-27 下午01:00:00,19.45
2020-11-30 下午04:00:00,18.38
2020-12-1 下午04:00:00,18.47
2020-12-2 下午04:00:00,19.07
2020-12-3 下午04:00:00,19.27
2020-12-4 下午04:00:00,20.32
2020-12-7 下午04:00:00,19.84
2020-12-8 下午04:00:00,20.14
2020-12-9 下午04:00:00,20.18
2020-12-10 下午04:00:00,20.8
2020-12-11 下午04:00:00,20.56
2020-12-14 下午04:00:00,19.84
2020-12-15 下午04:00:00,20.23
2020-12-16 下午04:00:00,20.13
2020-12-17 下午04:00:00,20.04
2020-12-18 下午04:00:00,19.7
2020-12-21 下午04:00:00,19.07
2020-12-22 下午04:00:00,18.75
2020-12-23 下午04:00:00,19.16
2020-12-24 下午01:00:00,19.06
2020-12-28 下午04:00:00,18.94
2020-12-29 下午04:00:00,18.82
2020-12-30 下午04:00:00,19.11
2020-12-31 下午04:00:00,18.95
2021-1-4 下午04:00:00,18.98
2021-1-5 下午04:00:00,19.83
2021-1-6 下午04:00:00,20.43
2021-1-7 下午04:00:00,20.74
2021-1-8 下午04:00:00,20.71
2021-1-11 下午04:00:00,21.04
2021-1-12 下午04:00:00,21.77
2021-1-13 下午04:00:00,21.6
2021-1-14 下午04:00:00,22.24
2021-1-15 下午04:00:00,21.38
2021-1-19 下午04:00:00,21.81
2021-1-20 下午04:00:00,21.89
2021-1-21 下午04:00:00,21.15
2021-1-22 下午04:00:00,21.04
2021-1-25 下午04:00:00,20.82
2021-1-26 下午04:00:00,20.38
2021-1-27 下午04:00:00,20.1
2021-1-28 下午04:00:00,20.34
2021-1-29 下午04:00:00,19.66
2021-2-1 下午04:00:00,19.8
2021-2-2 下午04:00:00,20.02
2021-2-3 下午04:00:00,20.87
2021-2-4 下午04:00:00,21.1
2021-2-5 下午04:00:00,21.28
2021-2-8 下午04:00:00,22.17
2021-2-9 下午04:00:00,21.94
2021-2-10 下午04:00:00,22.36
2021-2-11 下午04:00:00,22.01
2021-2-12 下午04:00:00,22.34
2021-2-16 下午04:00:00,22.9
2021-2-17 下午04:00:00,23.24
2021-2-18 下午04:00:00,22.71
2021-2-19 下午04:00:00,23.09
2021-2-22 下午04:00:00,23.89
2021-2-23 下午04:00:00,24.29
2021-2-24 下午04:00:00,25.15
2021-2-25 下午04:00:00,24.66
2021-2-26 下午04:00:00,24.08
2021-3-1 下午04:00:00,24.7
2021-3-2 下午04:00:00,24.57
2021-3-3 下午04:00:00,24.93
2021-3-4 下午04:00:00,25.52
2021-3-5 下午04:00:00,26.48
2021-3-8 下午04:00:00,26.53
2021-3-9 下午04:00:00,26.06
2021-3-10 下午04:00:00,26.72
2021-3-11 下午04:00:00,26.73
2021-3-12 下午04:00:00,26.79
2021-3-15 下午04:00:00,26.48
2021-3-16 下午04:00:00,25.73
2021-3-17 下午04:00:00,25.93
2021-3-18 下午04:00:00,24.76
2021-3-19 下午04:00:00,24.77
2021-3-22 下午04:00:00,24.27
2021-3-23 下午04:00:00,23.92
2021-3-24 下午04:00:00,24.52
2021-3-25 下午04:00:00,24.61
2021-3-26 下午04:00:00,25.22
2021-3-29 下午04:00:00,24.92
2021-3-30 下午04:00:00,24.7
2021-3-31 下午04:00:00,24.53
2021-4-1 下午04:00:00,25.16
2021-4-5 下午04:00:00,24.56
2021-4-6 下午04:00:00,24.49
2021-4-7 下午04:00:00,24.58
2021-4-8 下午04:00:00,24.26
2021-4-9 下午04:00:00,24.1
2021-4-12 下午04:00:00,23.91
2021-4-13 下午04:00:00,23.93
2021-4-14 下午04:00:00,24.6
2021-4-15 下午04:00:00,24.4
2021-4-16 下午04:00:00,24.2
2021-4-19 下午04:00:00,24.18
2021-4-20 下午04:00:00,23.54
2021-4-21 下午04:00:00,23.84
2021-4-22 下午04:00:00,23.56
2021-4-23 下午04:00:00,23.77
2021-4-26 下午04:00:00,23.93
2021-4-27 下午04:00:00,24.22
2021-4-28 下午04:00:00,25.06
2021-4-29 下午04:00:00,25.34
2021-4-30 下午04:00:00,24.7
2021-5-3 下午04:00:00,25.38
2021-5-4 下午04:00:00,25.39
2021-5-5 下午04:00:00,26.21
2021-5-6 下午04:00:00,26.35
2021-5-7 下午04:00:00,26.82
2021-5-10 下午04:00:00,26.83
2021-5-11 下午04:00:00,26.14
2021-5-12 下午04:00:00,26.26
2021-5-13 下午04:00:00,25.94
2021-5-14 下午04:00:00,26.75
2021-5-17 下午04:00:00,27.37
2021-5-18 下午04:00:00,26.73
2021-5-19 下午04:00:00,26.07
2021-5-20 下午04:00:00,26.03
2021-5-21 下午04:00:00,26.08
2021-5-24 下午04:00:00,26.34
2021-5-25 下午04:00:00,25.81
2021-5-26 下午04:00:00,26.04
2021-5-27 下午04:00:00,26.06
2021-5-28 下午04:00:00,26.11
2021-6-1 下午04:00:00,27.11
2021-6-2 下午04:00:00,27.62
2021-6-3 下午04:00:00,27.69
2021-6-4 下午04:00:00,27.88
2021-6-7 下午04:00:00,27.76
2021-6-8 下午04:00:00,28
2021-6-9 下午04:00:00,27.82
2021-6-10 下午04:00:00,27.79
2021-6-11 下午04:00:00,27.69
2021-6-14 下午04:00:00,27.57
2021-6-15 下午04:00:00,28.1
2021-6-16 下午04:00:00,27.95
2021-6-17 下午04:00:00,27
2021-6-18 下午04:00:00,26.2
2021-6-21 下午04:00:00,27.04
2021-6-22 下午04:00:00,27.22
2021-6-23 下午04:00:00,27.29
2021-6-24 下午04:00:00,27.53
2021-6-25 下午04:00:00,27.67
2021-6-28 下午04:00:00,26.74
2021-6-29 下午04:00:00,26.61
2021-6-30 下午04:00:00,26.94
2021-7-1 下午04:00:00,27.41
2021-7-2 下午04:00:00,27.35
2021-7-6 下午04:00:00,26.46
2021-7-7 下午04:00:00,26.03
2021-7-8 下午04:00:00,25.88
2021-7-9 下午04:00:00,26.43
2021-7-12 下午04:00:00,26.39
2021-7-13 下午04:00:00,26.19
2021-7-14 下午04:00:00,25.41
2021-7-15 下午04:00:00,25.05
2021-7-16 下午04:00:00,24.34
2021-7-19 下午04:00:00,23.48
2021-7-20 下午04:00:00,23.8
2021-7-21 下午04:00:00,24.63
2021-7-22 下午04:00:00,24.35
2021-7-23 下午04:00:00,24.26
2021-7-26 下午04:00:00,24.86
2021-7-27 下午04:00:00,24.63
2021-7-28 下午04:00:00,24.86
2021-7-29 下午04:00:00,25.1
2021-7-30 下午04:00:00,24.7
2021-8-2 下午04:00:00,24.51
2021-8-3 下午04:00:00,24.93
2021-8-4 下午04:00:00,24.26
2021-8-5 下午04:00:00,24.53
2021-8-6 下午04:00:00,24.76
2021-8-9 下午04:00:00,24.41
2021-8-10 下午04:00:00,24.84
2021-8-11 下午04:00:00,25.03
2021-8-12 下午04:00:00,25.01
2021-8-13 下午04:00:00,24.71
2021-8-16 下午04:00:00,24.26
2021-8-17 下午04:00:00,24.01
2021-8-18 下午04:00:00,23.51
2021-8-19 下午04:00:00,22.9
2021-8-20 下午04:00:00,22.95
2021-8-23 下午04:00:00,23.81
2021-8-24 下午04:00:00,24.2
2021-8-25 下午04:00:00,24.39
2021-8-26 下午04:00:00,24.02
2021-8-27 下午04:00:00,24.66
2021-8-30 下午04:00:00,24.37
2021-8-31 下午04:00:00,24.2
2021-9-1 下午04:00:00,23.85
2021-9-2 下午04:00:00,24.45
2021-9-3 下午04:00:00,24.31
2021-9-7 下午04:00:00,24.17
2021-9-8 下午04:00:00,23.86
2021-9-9 下午04:00:00,23.91
2021-9-10 下午04:00:00,23.9
2021-9-13 下午04:00:00,24.58
2021-9-14 下午04:00:00,24.23
2021-9-15 下午04:00:00,25.13
2021-9-16 下午04:00:00,24.85
2021-9-17 下午04:00:00,24.66
2021-9-20 下午04:00:00,23.62
2021-9-21 下午04:00:00,23.68
2021-9-22 下午04:00:00,24.41
2021-9-23 下午04:00:00,25.26
2021-9-24 下午04:00:00,25.45
2021-9-27 下午04:00:00,26.36
2021-9-28 下午04:00:00,26.45
2021-9-29 下午04:00:00,26.45
2021-9-30 下午04:00:00,26.05
2021-10-1 下午04:00:00,26.92
2021-10-4 下午04:00:00,27.36
2021-10-5 下午04:00:00,27.52
2021-10-6 下午04:00:00,27.23
2021-10-7 下午04:00:00,27.44
2021-10-8 下午04:00:00,28.29
2021-10-11 下午04:00:00,28.18
2021-10-12 下午04:00:00,28.21
2021-10-13 下午04:00:00,28.18
2021-10-14 下午04:00:00,28.53
2021-10-15 下午04:00:00,28.67
2021-10-18 下午04:00:00,28.69
2021-10-19 下午04:00:00,29.01
2021-10-20 下午04:00:00,29.25
2021-10-21 下午04:00:00,28.71
2021-10-22 下午04:00:00,28.98
2021-10-25 下午04:00:00,29.4
2021-10-26 下午04:00:00,29.57
2021-10-27 下午04:00:00,28.72
2021-10-28 下午04:00:00,28.93
2021-10-29 下午04:00:00,28.74
2021-11-1 下午04:00:00,29.23
2021-11-2 下午04:00:00,28.96
2021-11-3 下午04:00:00,28.72
2021-11-4 下午04:00:00,28.76
2021-11-5 下午04:00:00,29.13
2021-11-8 下午04:00:00,29.4
2021-11-9 下午04:00:00,29.52
2021-11-10 下午04:00:00,28.74
2021-11-11 下午04:00:00,28.85
2021-11-12 下午04:00:00,28.78
2021-11-15 下午04:00:00,29.02
2021-11-16 下午04:00:00,29.06
2021-11-17 下午04:00:00,28.62
2021-11-18 下午04:00:00,28.45
2021-11-19 下午04:00:00,27.34
2021-11-22 下午04:00:00,27.82
2021-11-23 下午04:00:00,28.68
2021-11-24 下午04:00:00,28.96
2021-11-26 下午01:15:00,27.79
2021-11-29 下午04:00:00,27.95
2021-11-30 下午04:00:00,27.3
2021-12-1 下午04:00:00,27.01
2021-12-2 下午04:00:00,27.79
2021-12-3 下午04:00:00,27.57
2021-12-6 下午04:00:00,27.98
2021-12-7 下午04:00:00,28.64
2021-12-8 下午04:00:00,28.63
2021-12-9 下午04:00:00,28.41
2021-12-10 下午04:00:00,28.62
2021-12-13 下午04:00:00,27.83
2021-12-14 下午04:00:00,27.71
2021-12-15 下午04:00:00,27.58
2021-12-16 下午04:00:00,27.75
2021-12-17 下午04:00:00,27.19
2021-12-20 下午04:00:00,26.51
2021-12-21 下午04:00:00,27.26
2021-12-22 下午04:00:00,27.44
2021-12-23 下午04:00:00,27.45
2021-12-27 下午04:00:00,28.05
2021-12-28 下午04:00:00,28.03
2021-12-29 下午04:00:00,27.85
2021-12-30 下午04:00:00,27.68
2021-12-31 下午04:00:00,27.75
2022-1-3 下午04:00:00,28.61
2022-1-4 下午04:00:00,29.6
2022-1-5 下午04:00:00,29.6
2022-1-6 下午04:00:00,30.26
2022-1-7 下午04:00:00,30.67
2022-1-10 下午04:00:00,30.58
2022-1-11 下午04:00:00,31.62
2022-1-12 下午04:00:00,31.68
2022-1-13 下午04:00:00,31.52
2022-1-14 下午04:00:00,32.26
2022-1-18 下午04:00:00,32.39
2022-1-19 下午04:00:00,32.15
2022-1-20 下午04:00:00,31.86
2022-1-21 下午04:00:00,31.23
2022-1-24 下午04:00:00,31.44
2022-1-25 下午04:00:00,32.66
2022-1-26 下午04:00:00,32.6
2022-1-27 下午04:00:00,32.96
2022-1-28 下午04:00:00,32.82
2022-1-31 下午04:00:00,32.96
2022-2-1 下午04:00:00,34.14
2022-2-2 下午04:00:00,34.24
2022-2-3 下午04:00:00,33.92
2022-2-4 下午04:00:00,34.45
2022-2-7 下午04:00:00,34.89
2022-2-8 下午04:00:00,34.14
2022-2-9 下午04:00:00,34.42
2022-2-10 下午04:00:00,34.21
2022-2-11 下午04:00:00,35.21
2022-2-14 下午04:00:00,34.38
2022-2-15 下午04:00:00,34.02
2022-2-16 下午04:00:00,34.29
2022-2-17 下午04:00:00,34.24
2022-2-18 下午04:00:00,34.03
2022-2-22 下午04:00:00,33.48
2022-2-23 下午04:00:00,33.82
2022-2-24 下午04:00:00,33.56
2022-2-25 下午04:00:00,34.44
2022-2-28 下午04:00:00,35.29
2022-3-1 下午04:00:00,35.65
2022-3-2 下午04:00:00,36.46
2022-3-3 下午04:00:00,36.56
2022-3-4 下午04:00:00,37.62
2022-3-7 下午04:00:00,38.17
2022-3-8 下午04:00:00,38.77
2022-3-9 下午04:00:00,37.59
2022-3-10 下午04:00:00,38.74
2022-3-11 下午04:00:00,38.42
2022-3-14 下午04:00:00,37.28
2022-3-15 下午04:00:00,35.91
2022-3-16 下午04:00:00,35.74
2022-3-17 下午04:00:00,36.98
2022-3-18 下午04:00:00,36.94
2022-3-21 下午04:00:00,38.07
2022-3-22 下午04:00:00,37.78
2022-3-23 下午04:00:00,38.44
2022-3-24 下午04:00:00,38.53
2022-3-25 下午04:00:00,39.38
2022-3-28 下午04:00:00,38.4
2022-3-29 下午04:00:00,38.3
2022-3-30 下午04:00:00,38.74
2022-3-31 下午04:00:00,38.22
2022-4-1 下午04:00:00,38.53
2022-4-4 下午04:00:00,38.58
2022-4-5 下午04:00:00,37.98
2022-4-6 下午04:00:00,38.2
2022-4-7 下午04:00:00,38.7
2022-4-8 下午04:00:00,39.77
2022-4-11 下午04:00:00,38.57
2022-4-12 下午04:00:00,39.21
2022-4-13 下午04:00:00,39.8
2022-4-14 下午04:00:00,39.92
2022-4-18 下午04:00:00,40.51
2022-4-19 下午04:00:00,40.18
2022-4-20 下午04:00:00,40.34
2022-4-21 下午04:00:00,39.06
2022-4-22 下午04:00:00,38.1
2022-4-25 下午04:00:00,36.84
2022-4-26 下午04:00:00,36.89
2022-4-27 下午04:00:00,37.43
2022-4-28 下午04:00:00,38.57
2022-4-29 下午04:00:00,37.58
2022-5-2 下午04:00:00,38.17
2022-5-3 下午04:00:00,39.24
2022-5-4 下午04:00:00,40.88
2022-5-5 下午04:00:00,40.26
2022-5-6 下午04:00:00,41.46
2022-5-9 下午04:00:00,38.03
2022-5-10 下午04:00:00,38.38
2022-5-11 下午04:00:00,38.89
2022-5-12 下午04:00:00,39.06
2022-5-13 下午04:00:00,40.39
2022-5-16 下午04:00:00,41.46
2022-5-17 下午04:00:00,41.94
2022-5-18 下午04:00:00,40.86
2022-5-19 下午04:00:00,40.71
2022-5-20 下午04:00:00,40.89
2022-5-23 下午04:00:00,41.97
2022-5-24 下午04:00:00,42.13
2022-5-25 下午04:00:00,43
2022-5-26 下午04:00:00,43.47
2022-5-27 下午04:00:00,44.27
2022-5-31 下午04:00:00,43.6
2022-6-1 下午04:00:00,44.31
2022-6-2 下午04:00:00,44.17
2022-6-3 下午04:00:00,44.76
2022-6-6 下午04:00:00,44.71
2022-6-7 下午04:00:00,46.04
2022-6-8 下午04:00:00,46.14
2022-6-9 下午04:00:00,45.12
2022-6-10 下午04:00:00,44.36
2022-6-13 下午04:00:00,42.04
2022-6-14 下午04:00:00,42.12
2022-6-15 下午04:00:00,41.19
2022-6-16 下午04:00:00,38.87
2022-6-17 下午04:00:00,36.74
2022-6-21 下午04:00:00,38.22
2022-6-22 下午04:00:00,36.69
2022-6-23 下午04:00:00,35.33
2022-6-24 下午04:00:00,35.8
2022-6-27 下午04:00:00,36.85
2022-6-28 下午04:00:00,37.84
2022-6-29 下午04:00:00,36.53
2022-6-30 下午04:00:00,35.76
2022-7-1 下午04:00:00,36.29
2022-7-5 下午04:00:00,34.85
2022-7-6 下午04:00:00,34.26
2022-7-7 下午04:00:00,35.49
2022-7-8 下午04:00:00,35.48
2022-7-11 下午04:00:00,35.14
2022-7-12 下午04:00:00,34.45
2022-7-13 下午04:00:00,34.4
2022-7-14 下午04:00:00,33.74
2022-7-15 下午04:00:00,34.3
2022-7-18 下午04:00:00,35.08
2022-7-19 下午04:00:00,36.16
2022-7-20 下午04:00:00,36.51
2022-7-21 下午04:00:00,35.87
2022-7-22 下午04:00:00,35.58
2022-7-25 下午04:00:00,36.88
2022-7-26 下午04:00:00,36.55
2022-7-27 下午04:00:00,37.37
2022-7-28 下午04:00:00,37.58
2022-7-29 下午04:00:00,39.21
2022-8-1 下午04:00:00,38.4
2022-8-2 下午04:00:00,38.31
2022-8-3 下午04:00:00,37.21
2022-8-4 下午04:00:00,35.83
2022-8-5 下午04:00:00,36.54
2022-8-8 下午04:00:00,36.73
2022-8-9 下午04:00:00,37.38
2022-8-10 下午04:00:00,37.65
2022-8-11 下午04:00:00,38.94
2022-8-12 下午04:00:00,39.24
2022-8-15 下午04:00:00,38.47
2022-8-16 下午04:00:00,38.38
2022-8-17 下午04:00:00,38.7
2022-8-18 下午04:00:00,39.74
2022-8-19 下午04:00:00,39.73
2022-8-22 下午04:00:00,39.66
2022-8-23 下午04:00:00,41.09
2022-8-24 下午04:00:00,41.59
2022-8-25 下午04:00:00,41.91
2022-8-26 下午04:00:00,41.42
2022-8-29 下午04:00:00,42.05
2022-8-30 下午04:00:00,40.62
2022-8-31 下午04:00:00,40.25
2022-9-1 下午04:00:00,39.26
2022-9-2 下午04:00:00,39.98
2022-9-6 下午04:00:00,39.61
2022-9-7 下午04:00:00,39.15
2022-9-8 下午04:00:00,39.32
2022-9-9 下午04:00:00,40.3
2022-9-12 下午04:00:00,41.04
2022-9-13 下午04:00:00,40.01
2022-9-14 下午04:00:00,41.14
2022-9-15 下午04:00:00,40.08
2022-9-16 下午04:00:00,39.22
2022-9-19 下午04:00:00,38.82
2022-9-20 下午04:00:00,38.55
2022-9-21 下午04:00:00,37.99
2022-9-22 下午04:00:00,37.85
2022-9-23 下午04:00:00,35.24
2022-9-26 下午04:00:00,34.38
2022-9-27 下午04:00:00,34.76
2022-9-28 下午04:00:00,36.3
2022-9-29 下午04:00:00,36.3
2022-9-30 下午04:00:00,36.01
2022-10-3 下午04:00:00,38.05
2022-10-4 下午04:00:00,39.68
2022-10-5 下午04:00:00,40.5
2022-10-6 下午04:00:00,41.22
2022-10-7 下午04:00:00,40.9
2022-10-10 下午04:00:00,40.06
2022-10-11 下午04:00:00,39.74
2022-10-12 下午04:00:00,40.06
2022-10-13 下午04:00:00,41.7
2022-10-14 下午04:00:00,40.14
2022-10-17 下午04:00:00,40.64
2022-10-18 下午04:00:00,41
2022-10-19 下午04:00:00,42.21
2022-10-20 下午04:00:00,42.25
2022-10-21 下午04:00:00,43.47
2022-10-24 下午04:00:00,43.67
2022-10-25 下午04:00:00,43.72
2022-10-26 下午04:00:00,44.31
2022-10-27 下午04:00:00,44.47
2022-10-28 下午04:00:00,44.63
2022-10-31 下午04:00:00,45
2022-11-1 下午04:00:00,45.44
2022-11-2 下午04:00:00,44.34
2022-11-3 下午04:00:00,45.16
2022-11-4 下午04:00:00,45.71
2022-11-7 下午04:00:00,46.5
2022-11-8 下午04:00:00,46.54
2022-11-9 下午04:00:00,44.27
2022-11-10 下午04:00:00,45.25
2022-11-11 下午04:00:00,46.57
2022-11-14 下午04:00:00,46.55
2022-11-15 下午04:00:00,47.04
2022-11-16 下午04:00:00,46.08
2022-11-17 下午04:00:00,46.18
2022-11-18 下午04:00:00,45.82
2022-11-21 下午04:00:00,45.2
2022-11-22 下午04:00:00,46.61
2022-11-23 下午04:00:00,46.11
2022-11-25 下午01:15:00,45.94
2022-11-28 下午04:00:00,44.68
2022-11-29 下午04:00:00,45.35
2022-11-30 下午04:00:00,45.58
2022-12-1 下午04:00:00,45.43
2022-12-2 下午04:00:00,45.16
2022-12-5 下午04:00:00,43.82
2022-12-6 下午04:00:00,42.66
2022-12-7 下午04:00:00,42.56
2022-12-8 下午04:00:00,42.37
2022-12-9 下午04:00:00,41.34
2022-12-12 下午04:00:00,42.43
2022-12-13 下午04:00:00,43.23
2022-12-14 下午04:00:00,42.97
2022-12-15 下午04:00:00,42.71
2022-12-16 下午04:00:00,42.18
2022-12-19 下午04:00:00,41.75
2022-12-20 下午04:00:00,42.38
2022-12-21 下午04:00:00,43.18
2022-12-22 下午04:00:00,42.19
2022-12-23 下午04:00:00,43.53
2022-12-27 下午04:00:00,44
2022-12-28 下午04:00:00,43.01
2022-12-29 下午04:00:00,43.46
2022-12-30 下午04:00:00,43.74
2023-1-3 下午04:00:00,42.2
2023-1-4 下午04:00:00,42.2
2023-1-5 下午04:00:00,42.97
2023-1-6 下午04:00:00,43.78
2023-1-9 下午04:00:00,43.63
2023-1-10 下午04:00:00,43.94
2023-1-11 下午04:00:00,44.07
2023-1-12 下午04:00:00,44.91
2023-1-13 下午04:00:00,44.98
2023-1-17 下午04:00:00,45.07
2023-1-18 下午04:00:00,44.25
2023-1-19 下午04:00:00,44.8
2023-1-20 下午04:00:00,45.24
2023-1-23 下午04:00:00,45.3
2023-1-24 下午04:00:00,45.13
2023-1-25 下午04:00:00,45.13
2023-1-26 下午04:00:00,46.56
2023-1-27 下午04:00:00,45.62
2023-1-30 下午04:00:00,44.57
2023-1-31 下午04:00:00,44.97
2023-2-1 下午04:00:00,44.08
2023-2-2 下午04:00:00,43.08
2023-2-3 下午04:00:00,42.98
2023-2-6 下午04:00:00,42.79
2023-2-7 下午04:00:00,44.18
2023-2-8 下午04:00:00,43.78
2023-2-9 下午04:00:00,43.41
2023-2-10 下午04:00:00,45.11
2023-2-13 下午04:00:00,44.99
2023-2-14 下午04:00:00,45.01
2023-2-15 下午04:00:00,44.24
2023-2-16 下午04:00:00,43.81
2023-2-17 下午04:00:00,42.25
2023-2-21 下午04:00:00,42.04
2023-2-22 下午04:00:00,41.76
2023-2-23 下午04:00:00,42.39
2023-2-24 下午04:00:00,42.33
2023-2-27 下午04:00:00,42.46
2023-2-28 下午04:00:00,41.85
2023-3-1 下午04:00:00,42.67
2023-3-2 下午04:00:00,43.05
2023-3-3 下午04:00:00,43.63
2023-3-6 下午04:00:00,43.65
2023-3-7 下午04:00:00,42.89
2023-3-8 下午04:00:00,42.45
2023-3-9 下午04:00:00,41.85
2023-3-10 下午04:00:00,41.32
2023-3-13 下午04:00:00,40.48
2023-3-14 下午04:00:00,40.88
2023-3-15 下午04:00:00,38.68
2023-3-16 下午04:00:00,39.1
2023-3-17 下午04:00:00,38.49
2023-3-20 下午04:00:00,38.85
2023-3-21 下午04:00:00,40.2
2023-3-22 下午04:00:00,39.34
2023-3-23 下午04:00:00,38.8
2023-3-24 下午04:00:00,38.95
2023-3-27 下午04:00:00,39.78
2023-3-28 下午04:00:00,40.39
2023-3-29 下午04:00:00,40.95
2023-3-30 下午04:00:00,41.13
2023-3-31 下午04:00:00,41.42
2023-4-3 下午04:00:00,43.29
2023-4-4 下午04:00:00,42.51
2023-4-5 下午04:00:00,43.15
2023-4-6 下午04:00:00,42.49
2023-4-10 下午04:00:00,42.83
2023-4-11 下午04:00:00,43.24
2023-4-12 下午04:00:00,43.27
2023-4-13 下午04:00:00,43.54
2023-4-14 下午04:00:00,43.62
2023-4-17 下午04:00:00,43.1
2023-4-18 下午04:00:00,43.27
2023-4-19 下午04:00:00,43.12
2023-4-20 下午04:00:00,42.74
2023-4-21 下午04:00:00,42.49
2023-4-24 下午04:00:00,43.14
2023-4-25 下午04:00:00,42.33
2023-4-26 下午04:00:00,41.77
2023-4-27 下午04:00:00,41.92
2023-4-28 下午04:00:00,42.57
2023-5-1 下午04:00:00,42.09
2023-5-2 下午04:00:00,40.26
2023-5-3 下午04:00:00,39.49
2023-5-4 下午04:00:00,39.06
2023-5-5 下午04:00:00,40.12
2023-5-8 下午04:00:00,40.12
2023-5-9 下午04:00:00,40.13
2023-5-10 下午04:00:00,39.67
2023-5-11 下午04:00:00,39.2
2023-5-12 下午04:00:00,39.26
2023-5-15 下午04:00:00,39.46
2023-5-16 下午04:00:00,38.49
2023-5-17 下午04:00:00,39.23
2023-5-18 下午04:00:00,39.52
2023-5-19 下午04:00:00,39.82
2023-5-22 下午04:00:00,39.66
2023-5-23 下午04:00:00,40.08
2023-5-24 下午04:00:00,40.26
2023-5-25 下午04:00:00,39.54
2023-5-26 下午04:00:00,39.39
2023-5-30 下午04:00:00,38.98
2023-5-31 下午04:00:00,38.3
2023-6-1 下午04:00:00,38.77
2023-6-2 下午04:00:00,39.95
2023-6-5 下午04:00:00,39.69
2023-6-6 下午04:00:00,40.01
2023-6-7 下午04:00:00,41.07
2023-6-8 下午04:00:00,40.89
2023-6-9 下午04:00:00,40.67
2023-6-12 下午04:00:00,40.28
2023-6-13 下午04:00:00,40.47
2023-6-14 下午04:00:00,40.05
2023-6-15 下午04:00:00,40.49
2023-6-16 下午04:00:00,40.43
2023-6-20 下午04:00:00,39.18
2023-6-21 下午04:00:00,39.49
2023-6-22 下午04:00:00,38.96
2023-6-23 下午04:00:00,38.68
2023-6-26 下午04:00:00,39.38
2023-6-27 下午04:00:00,39.47
2023-6-28 下午04:00:00,39.87
2023-6-29 下午04:00:00,40.33
2023-6-30 下午04:00:00,40.59
2023-7-3 下午01:15:00,40.68
2023-7-5 下午04:00:00,40.46
2023-7-6 下午04:00:00,39.55
2023-7-7 下午04:00:00,40.4
2023-7-10 下午04:00:00,40.71
2023-7-11 下午04:00:00,41.61
2023-7-12 下午04:00:00,41.99
2023-7-13 下午04:00:00,41.83
2023-7-14 下午04:00:00,40.73
2023-7-17 下午04:00:00,40.65
2023-7-18 下午04:00:00,41.06
2023-7-19 下午04:00:00,41.3
2023-7-20 下午04:00:00,41.78
2023-7-21 下午04:00:00,42.15
2023-7-24 下午04:00:00,42.83
2023-7-25 下午04:00:00,43.06
2023-7-26 下午04:00:00,43.07
2023-7-27 下午04:00:00,42.8
2023-7-28 下午04:00:00,42.93
2023-7-31 下午04:00:00,43.74
2023-8-1 下午04:00:00,43.54
2023-8-2 下午04:00:00,42.97
2023-8-3 下午04:00:00,43.4
2023-8-4 下午04:00:00,43.46
2023-8-7 下午04:00:00,43.51
2023-8-8 下午04:00:00,43.73
2023-8-9 下午04:00:00,44.28
2023-8-10 下午04:00:00,44.27
2023-8-11 下午04:00:00,44.95
2023-8-14 下午04:00:00,44.76
2023-8-15 下午04:00:00,43.83
2023-8-16 下午04:00:00,43.45
2023-8-17 下午04:00:00,43.97
2023-8-18 下午04:00:00,44.41
2023-8-21 下午04:00:00,44.13
2023-8-22 下午04:00:00,43.79
2023-8-23 下午04:00:00,43.68
2023-8-24 下午04:00:00,43.38
2023-8-25 下午04:00:00,43.8
2023-8-28 下午04:00:00,44.09
2023-8-29 下午04:00:00,44.21
2023-8-30 下午04:00:00,44.43
2023-8-31 下午04:00:00,44.46
2023-9-1 下午04:00:00,45.37
2023-9-5 下午04:00:00,45.61
2023-9-6 下午04:00:00,45.63
2023-9-7 下午04:00:00,45.59
2023-9-8 下午04:00:00,46.03
2023-9-11 下午04:00:00,45.42
2023-9-12 下午04:00:00,46.49
2023-9-13 下午04:00:00,46.14
2023-9-14 下午04:00:00,46.68
2023-9-15 下午04:00:00,46.01
2023-9-18 下午04:00:00,46.06
2023-9-19 下午04:00:00,45.63
2023-9-20 下午04:00:00,45.2
2023-9-21 下午04:00:00,44.58
2023-9-22 下午04:00:00,44.66
2023-9-25 下午04:00:00,45.22
2023-9-26 下午04:00:00,44.96
2023-9-27 下午04:00:00,46.08
2023-9-28 下午04:00:00,46.13
2023-9-29 下午04:00:00,45.2
2023-10-2 下午04:00:00,44.3
2023-10-3 下午04:00:00,44.27
2023-10-4 下午04:00:00,42.88
2023-10-5 下午04:00:00,42.61
2023-10-6 下午04:00:00,42.87
2023-10-9 下午04:00:00,44.3
2023-10-10 下午04:00:00,44.35
2023-10-11 下午04:00:00,43.78
2023-10-12 下午04:00:00,43.83
2023-10-13 下午04:00:00,44.8
2023-10-16 下午04:00:00,45.1
2023-10-17 下午04:00:00,45.57
2023-10-18 下午04:00:00,45.98
2023-10-19 下午04:00:00,45.9
2023-10-20 下午04:00:00,45.13
2023-10-23 下午04:00:00,44.4
2023-10-24 下午04:00:00,43.78
2023-10-25 下午04:00:00,43.7
2023-10-26 下午04:00:00,43.36
2023-10-27 下午04:00:00,42.32
2023-10-30 下午04:00:00,42.46
2023-10-31 下午04:00:00,42.6
2023-11-1 下午04:00:00,42.5
2023-11-2 下午04:00:00,43.78
2023-11-3 下午04:00:00,43.34
2023-11-6 下午04:00:00,42.85
2023-11-7 下午04:00:00,41.9
2023-11-8 下午04:00:00,41.38
2023-11-9 下午04:00:00,41.25
2023-11-10 下午04:00:00,41.71
2023-11-13 下午04:00:00,42.01
2023-11-14 下午04:00:00,42.38
2023-11-15 下午04:00:00,42.3
2023-11-16 下午04:00:00,41.48
2023-11-17 下午04:00:00,42.35
2023-11-20 下午04:00:00,42.41
2023-11-21 下午04:00:00,42.31
2023-11-22 下午04:00:00,42.29
2023-11-24 下午01:15:00,42.47
2023-11-27 下午04:00:00,42.32
2023-11-28 下午04:00:00,42.33
2023-11-29 下午04:00:00,42.01
2023-11-30 下午04:00:00,42.29
2023-12-1 下午04:00:00,42.51
2023-12-4 下午04:00:00,42.32
2023-12-5 下午04:00:00,41.58
2023-12-6 下午04:00:00,40.96
2023-12-7 下午04:00:00,40.67
2023-12-8 下午04:00:00,41.12
2023-12-11 下午04:00:00,41.17
2023-12-12 下午04:00:00,40.6
2023-12-13 下午04:00:00,41.17
2023-12-14 下午04:00:00,42.38
2023-12-15 下午04:00:00,42.15
2023-12-18 下午04:00:00,42.09
2023-12-19 下午04:00:00,42.6
2023-12-20 下午04:00:00,42.2
2023-12-21 下午04:00:00,42.37
2023-12-22 下午04:00:00,42.49
2023-12-26 下午04:00:00,42.86
2023-12-27 下午04:00:00,42.67
2023-12-28 下午04:00:00,42.02
2023-12-29 下午04:00:00,41.92
2024-1-2 下午04:00:00,42.37
2024-1-3 下午04:00:00,43.06
2024-1-4 下午04:00:00,42.31
2024-1-5 下午04:00:00,42.34
2024-1-8 下午04:00:00,41.85
2024-1-9 下午04:00:00,41.18
2024-1-10 下午04:00:00,40.78
2024-1-11 下午04:00:00,40.88
2024-1-12 下午04:00:00,41.34
2024-1-16 下午04:00:00,40.35
2024-1-17 下午04:00:00,40.02
2024-1-18 下午04:00:00,39.96
2024-1-19 下午04:00:00,40.09
2024-1-22 下午04:00:00,40.24
2024-1-23 下午04:00:00,40.32
2024-1-24 下午04:00:00,40.9
2024-1-25 下午04:00:00,41.82
2024-1-26 下午04:00:00,42.13
2024-1-29 下午04:00:00,42.07
2024-1-30 下午04:00:00,42.5
2024-1-31 下午04:00:00,41.71
2024-2-1 下午04:00:00,41.7
2024-2-2 下午04:00:00,41.76
2024-2-5 下午04:00:00,41.66
2024-2-6 下午04:00:00,41.79
2024-2-7 下午04:00:00,41.88
2024-2-8 下午04:00:00,42.31
2024-2-9 下午04:00:00,41.66
2024-2-12 下午04:00:00,42.12
2024-2-13 下午04:00:00,41.69
2024-2-14 下午04:00:00,41.65
2024-2-15 下午04:00:00,42.81
2024-2-16 下午04:00:00,42.79
2024-2-20 下午04:00:00,42.4
2024-2-21 下午04:00:00,43.19
2024-2-22 下午04:00:00,43.27
2024-2-23 下午04:00:00,42.98
2024-2-26 下午04:00:00,43.13
2024-2-27 下午04:00:00,42.95
2024-2-28 下午04:00:00,42.86
2024-2-29 下午04:00:00,43.07
2024-3-1 下午04:00:00,43.57
2024-3-4 下午04:00:00,43.11
2024-3-5 下午04:00:00,43.43
2024-3-6 下午04:00:00,43.56
2024-3-7 下午04:00:00,43.93
2024-3-8 下午04:00:00,44.09
2024-3-11 下午04:00:00,44.54
2024-3-12 下午04:00:00,44.47
2024-3-13 下午04:00:00,45.18
2024-3-14 下午04:00:00,45.65
2024-3-15 下午04:00:00,45.78
2024-3-18 下午04:00:00,45.57
2024-3-19 下午04:00:00,46.09
2024-3-20 下午04:00:00,46.03
2024-3-21 下午04:00:00,46.3
2024-3-22 下午04:00:00,46.2
2024-3-25 下午04:00:00,46.63
2024-3-26 下午04:00:00,46.27
2024-3-27 下午04:00:00,46.7
2024-3-28 下午04:00:00,47.21
2024-4-1 下午04:00:00,47.56
2024-4-2 下午04:00:00,48.22
2024-4-3 下午04:00:00,48.55
2024-4-4 下午04:00:00,48.52
2024-4-5 下午04:00:00,49.04
2024-4-8 下午04:00:00,48.73
2024-4-9 下午04:00:00,48.75
2024-4-10 下午04:00:00,48.9
2024-4-11 下午04:00:00,48.86
2024-4-12 下午04:00:00,48.07
2024-4-15 下午04:00:00,47.62
2024-4-16 下午04:00:00,47.2
2024-4-17 下午04:00:00,47.07
2024-4-18 下午04:00:00,46.92
2024-4-19 下午04:00:00,47.49
2024-4-22 下午04:00:00,47.8
2024-4-23 下午04:00:00,48.06
2024-4-24 下午04:00:00,48.1
2024-4-25 下午04:00:00,48.32
2024-4-26 下午04:00:00,47.87
2024-4-29 下午04:00:00,48.2
2024-4-30 下午04:00:00,46.76
2024-5-1 下午04:00:00,46.02
2024-5-2 下午04:00:00,46.28
2024-5-3 下午04:00:00,46.29
2024-5-6 下午04:00:00,46.65
2024-5-7 下午04:00:00,46.61
2024-5-8 下午04:00:00,46.55
2024-5-9 下午04:00:00,47.18
2024-5-10 下午04:00:00,46.92
2024-5-13 下午04:00:00,46.79
2024-5-14 下午04:00:00,46.85
2024-5-15 下午04:00:00,46.96
2024-5-16 下午04:00:00,46.83
2024-5-17 下午04:00:00,47.48
2024-5-20 下午04:00:00,47.17
2024-5-21 下午04:00:00,46.94
2024-5-22 下午04:00:00,46.04
2024-5-23 下午04:00:00,45.62
2024-5-24 下午04:00:00,45.69
2024-5-28 下午04:00:00,46.16
2024-5-29 下午04:00:00,45.34
2024-5-30 下午04:00:00,45.47
2024-5-31 下午04:00:00,46.6
2024-6-3 下午04:00:00,45.38
2024-6-4 下午04:00:00,44.95
2024-6-5 下午04:00:00,44.94
2024-6-6 下午04:00:00,45.18
2024-6-7 下午04:00:00,45
2024-6-10 下午04:00:00,45.34
2024-6-11 下午04:00:00,45.25
2024-6-12 下午04:00:00,44.76
2024-6-13 下午04:00:00,44.35
2024-6-14 下午04:00:00,44.02
2024-6-17 下午04:00:00,44.14
2024-6-18 下午04:00:00,44.32
2024-6-20 下午04:00:00,45.14
2024-6-21 下午04:00:00,44.88
2024-6-24 下午04:00:00,45.64
2024-6-25 下午04:00:00,45.75
2024-6-26 下午04:00:00,45.3
2024-6-27 下午04:00:00,45.4
2024-6-28 下午04:00:00,45.58
2024-7-1 下午04:00:00,45.6
2024-7-2 下午04:00:00,45.57
2024-7-3 下午01:15:00,45.77
2024-7-5 下午04:00:00,45.05
2024-7-8 下午04:00:00,44.78
2024-7-9 下午04:00:00,44.38
2024-7-10 下午04:00:00,44.68
2024-7-11 下午04:00:00,45.15
2024-7-12 下午04:00:00,45.26
2024-7-15 下午04:00:00,45.95
2024-7-16 下午04:00:00,46.15
2024-7-17 下午04:00:00,46.61
2024-7-18 下午04:00:00,46.7
2024-7-19 下午04:00:00,46.19
2024-7-22 下午04:00:00,45.9
2024-7-23 下午04:00:00,45.17
2024-7-24 下午04:00:00,45.17
2024-7-25 下午04:00:00,45.95
2024-7-26 下午04:00:00,46.1
2024-7-29 下午04:00:00,45.7
2024-7-30 下午04:00:00,46.41
2024-7-31 下午04:00:00,46.61
2024-8-1 下午04:00:00,45.37
2024-8-2 下午04:00:00,44.2
2024-8-5 下午04:00:00,43.23
2024-8-6 下午04:00:00,43.49
2024-8-7 下午04:00:00,43.67
2024-8-8 下午04:00:00,44.61
2024-8-9 下午04:00:00,44.71
2024-8-12 下午04:00:00,44.93
2024-8-13 下午04:00:00,44.49
2024-8-14 下午04:00:00,44.75
2024-8-15 下午04:00:00,45.29
2024-8-16 下午04:00:00,45.24
2024-8-19 下午04:00:00,45.54
2024-8-20 下午04:00:00,44.34
2024-8-21 下午04:00:00,44.42
2024-8-22 下午04:00:00,44.53
2024-8-23 下午04:00:00,45.2
2024-8-26 下午04:00:00,45.6
2024-8-27 下午04:00:00,45.18
2024-8-28 下午04:00:00,44.89
2024-8-29 下午04:00:00,45.47
2024-8-30 下午04:00:00,45.64
2024-9-3 下午04:00:00,44.51
2024-9-4 下午04:00:00,43.89
2024-9-5 下午04:00:00,43.55
2024-9-6 下午04:00:00,43.01
2024-9-9 下午04:00:00,43.32
2024-9-10 下午04:00:00,42.57
2024-9-11 下午04:00:00,42.18
2024-9-12 下午04:00:00,42.56
2024-9-13 下午04:00:00,42.8
2024-9-16 下午04:00:00,43.29
2024-9-17 下午04:00:00,43.87
2024-9-18 下午04:00:00,43.96
2024-9-19 下午04:00:00,44.48
2024-9-20 下午04:00:00,44.38
2024-9-23 下午04:00:00,44.56
2024-9-24 下午04:00:00,44.45
2024-9-25 下午04:00:00,43.58
2024-9-26 下午04:00:00,42.73
2024-9-27 下午04:00:00,43.6
2024-9-30 下午04:00:00,43.9
2024-10-1 下午04:00:00,44.9
2024-10-2 下午04:00:00,45.36
2024-10-3 下午04:00:00,46.16
2024-10-4 下午04:00:00,46.59
2024-10-7 下午04:00:00,46.76
2024-10-8 下午04:00:00,45.54
2024-10-9 下午04:00:00,45.81
2024-10-10 下午04:00:00,46.12
2024-10-11 下午04:00:00,46.41
2024-10-14 下午04:00:00,46.39
2024-10-15 下午04:00:00,44.89
2024-10-16 下午04:00:00,45.11
2024-10-17 下午04:00:00,45.32
2024-10-18 下午04:00:00,45.17
2024-10-21 下午04:00:00,45.04
2024-10-22 下午04:00:00,45.14
2024-10-23 下午04:00:00,44.91
2024-10-24 下午04:00:00,44.9
2024-10-25 下午04:00:00,44.89
2024-10-28 下午04:00:00,44.6
2024-10-29 下午04:00:00,43.92
2024-10-30 下午04:00:00,44.02
2024-10-31 下午04:00:00,44.3
2024-11-1 下午04:00:00,44.02
2024-11-4 下午04:00:00,44.79
2024-11-5 下午04:00:00,45.09
2024-11-6 下午04:00:00,46.78
2024-11-7 下午04:00:00,46.57
2024-11-8 下午04:00:00,46.88
2024-11-11 下午04:00:00,47.14
2024-11-12 下午04:00:00,46.89
2024-11-13 下午04:00:00,47.26
2024-11-14 下午04:00:00,47.44
2024-11-15 下午04:00:00,47.37
2024-11-18 下午04:00:00,48
2024-11-19 下午04:00:00,47.69
2024-11-20 下午04:00:00,48.17
2024-11-21 下午04:00:00,48.56
2024-11-22 下午04:00:00,48.64
2024-11-25 下午04:00:00,47.68
2024-11-26 下午04:00:00,47.61
2024-11-27 下午04:00:00,47.56
2024-11-29 下午01:15:00,47.77
2024-12-2 下午04:00:00,47.26
2024-12-3 下午04:00:00,47.26
2024-12-4 下午04:00:00,46.12
2024-12-5 下午04:00:00,46.3
2024-12-6 下午04:00:00,45.51
2024-12-9 下午04:00:00,45.44
2024-12-10 下午04:00:00,45.13
2024-12-11 下午04:00:00,45.2
2024-12-12 下午04:00:00,44.84
2024-12-13 下午04:00:00,44.61
2024-12-16 下午04:00:00,43.63
2024-12-17 下午04:00:00,43.31
2024-12-18 下午04:00:00,42.03
2024-12-19 下午04:00:00,41.66
2024-12-20 下午04:00:00,42.07
2024-12-23 下午04:00:00,41.97
2024-12-24 下午01:00:00,42.32
2024-12-26 下午04:00:00,42.29
2024-12-27 下午04:00:00,42.28
2024-12-30 下午04:00:00,42.28
2024-12-31 下午04:00:00,42.83
2025-1-2 下午04:00:00,43.33
2025-1-3 下午04:00:00,43.74
2025-1-6 下午04:00:00,43.54
2025-1-7 下午04:00:00,43.97
2025-1-8 下午04:00:00,44.02
2025-1-10 下午04:00:00,44.2
2025-1-13 下午04:00:00,45.13
2025-1-14 下午04:00:00,45.61
2025-1-15 下午04:00:00,46.29
2025-1-16 下午04:00:00,46.62
2025-1-17 下午04:00:00,46.98
2025-1-21 下午04:00:00,46.74
2025-1-22 下午04:00:00,45.89
2025-1-23 下午04:00:00,46.1
2025-1-24 下午04:00:00,45.66
2025-1-27 下午04:00:00,45.18
2025-1-28 下午04:00:00,44.75
2025-1-29 下午04:00:00,44.85
2025-1-30 下午04:00:00,45.08
2025-1-31 下午04:00:00,43.82
2025-2-3 下午04:00:00,44.1
2025-2-4 下午04:00:00,45.02
2025-2-5 下午04:00:00,45.12
2025-2-6 下午04:00:00,44.29
2025-2-7 下午04:00:00,44.28
2025-2-10 下午04:00:00,45.26
2025-2-11 下午04:00:00,45.62
2025-2-12 下午04:00:00,44.52
2025-2-13 下午04:00:00,44.86
2025-2-14 下午04:00:00,45.04
2025-2-18 下午04:00:00,45.65
2025-2-19 下午04:00:00,46.01
2025-2-20 下午04:00:00,46.43
2025-2-21 下午04:00:00,45.47
2025-2-24 下午04:00:00,45.48
2025-2-25 下午04:00:00,44.82
2025-2-26 下午04:00:00,44.57
2025-2-27 下午04:00:00,44.81
2025-2-28 下午04:00:00,45.5
2025-3-3 下午04:00:00,43.91
2025-3-4 下午04:00:00,43.49
2025-3-5 下午04:00:00,42.85
2025-3-6 下午04:00:00,42.98
2025-3-7 下午04:00:00,43.72
2025-3-10 下午04:00:00,44.04
2025-3-11 下午04:00:00,43.69
2025-3-12 下午04:00:00,43.89
2025-3-13 下午04:00:00,43.59
2025-3-14 下午04:00:00,44.88
2025-3-17 下午04:00:00,45.6
2025-3-18 下午04:00:00,45.67
2025-3-19 下午04:00:00,46.42
2025-3-20 下午04:00:00,46.59
2025-3-21 下午04:00:00,46.26
2025-3-24 下午04:00:00,46.43
2025-3-25 下午04:00:00,46.62
2025-3-26 下午04:00:00,46.89
2025-3-27 下午04:00:00,46.44
2025-3-28 下午04:00:00,46.22
2025-3-31 下午04:00:00,46.73
2025-4-1 下午04:00:00,47
2025-4-2 下午04:00:00,47.07
2025-4-3 下午04:00:00,43.37
2025-4-4 下午04:00:00,39.38
2025-4-7 下午04:00:00,39.13
2025-4-8 下午04:00:00,38.22
2025-4-9 下午04:00:00,41.18
2025-4-10 下午04:00:00,38.49
2025-4-11 下午04:00:00,39.45
2025-4-14 下午04:00:00,39.59
2025-4-15 下午04:00:00,39.53
2025-4-16 下午04:00:00,39.85
2025-4-17 下午04:00:00,40.75
2025-4-21 下午04:00:00,39.69
2025-4-22 下午04:00:00,40.7
2025-4-23 下午04:00:00,40.62
2025-4-24 下午04:00:00,41.27
2025-4-25 下午04:00:00,41.2
2025-4-28 下午04:00:00,41.49
2025-4-29 下午04:00:00,41.37
2025-4-30 下午04:00:00,40.25
2025-5-1 下午04:00:00,40.4
2025-5-2 下午04:00:00,40.99
2025-5-5 下午04:00:00,40.25
2025-5-6 下午04:00:00,40.26
2025-5-7 下午04:00:00,40.28
2025-5-8 下午04:00:00,40.81
2025-5-9 下午04:00:00,41.22
2025-5-12 下午04:00:00,42.29
2025-5-13 下午04:00:00,42.89
2025-5-14 下午04:00:00,42.63
2025-5-15 下午04:00:00,42.81
2025-5-16 下午04:00:00,42.74
2025-5-19 下午04:00:00,42.19
2025-5-20 下午04:00:00,41.8
2025-5-21 下午04:00:00,41.03
2025-5-22 下午04:00:00,40.87
2025-5-23 下午04:00:00,41
2025-5-27 下午04:00:00,41.35
2025-5-28 下午04:00:00,40.83
2025-5-29 下午04:00:00,41.13
2025-5-30 下午04:00:00,40.77
2025-6-2 下午04:00:00,41.3
2025-6-3 下午04:00:00,41.79
2025-6-4 下午04:00:00,40.98
2025-6-5 下午04:00:00,40.94
2025-6-6 下午04:00:00,41.71
2025-6-9 下午04:00:00,41.79
2025-6-10 下午04:00:00,42.53
2025-6-11 下午04:00:00,43.15
2025-6-12 下午04:00:00,43.3
2025-6-13 下午04:00:00,44.05
2025-6-16 下午04:00:00,43.92
2025-6-17 下午04:00:00,44.33
2025-6-18 下午04:00:00,44.04
2025-6-20 下午04:00:00,44.49
2025-6-23 下午04:00:00,43.02
2025-6-24 下午04:00:00,42.46
2025-6-25 下午04:00:00,42.27
2025-6-26 下午04:00:00,42.88
2025-6-27 下午04:00:00,42.65
2025-6-30 下午04:00:00,42.41
2025-7-1 下午04:00:00,42.73
2025-7-2 下午04:00:00,43.47
2025-7-3 下午01:15:00,43.52
2025-7-7 下午04:00:00,43.1
2025-7-8 下午04:00:00,44.26
2025-7-9 下午04:00:00,44.03
2025-7-10 下午04:00:00,44.37
2025-7-11 下午04:00:00,44.57
2025-7-14 下午04:00:00,44.08
2025-7-15 下午04:00:00,43.44
2025-7-16 下午04:00:00,43.07
2025-7-17 下午04:00:00,43.33
2025-7-18 下午04:00:00,42.98
2025-7-21 下午04:00:00,42.54
2025-7-22 下午04:00:00,42.74
2025-7-23 下午04:00:00,43.41
2025-7-24 下午04:00:00,43.72
2025-7-25 下午04:00:00,43.55
2025-7-28 下午04:00:00,44.05
2025-7-29 下午04:00:00,44.48
2025-7-30 下午04:00:00,43.84
2025-7-31 下午04:00:00,43.61
2025-8-1 下午04:00:00,42.8
2025-8-4 下午04:00:00,42.7
2025-8-5 下午04:00:00,42.76
2025-8-6 下午04:00:00,42.36
2025-8-7 下午04:00:00,42.2
2025-8-8 下午04:00:00,42.47
2025-8-11 下午04:00:00,42.13
2025-8-12 下午04:00:00,42.33
2025-8-13 下午04:00:00,42.82
2025-8-14 下午04:00:00,42.78
2025-8-15 下午04:00:00,42.78
2025-8-18 下午04:00:00,42.53
2025-8-19 下午04:00:00,42.54
2025-8-20 下午04:00:00,42.9
2025-8-21 下午04:00:00,43.19
2025-8-22 下午04:00:00,44.07
2025-8-25 下午04:00:00,44.19
2025-8-26 下午04:00:00,44.12
2025-8-27 下午04:00:00,44.61
2025-8-28 下午04:00:00,44.95
2025-8-29 下午04:00:00,45.2
2025-9-2 下午04:00:00,45.26
2025-9-3 下午04:00:00,44.25
2025-9-4 下午04:00:00,44.54
2025-9-5 下午04:00:00,43.68
2025-9-8 下午04:00:00,43.58
2025-9-9 下午04:00:00,43.79
2025-9-10 下午04:00:00,44.56
2025-9-11 下午04:00:00,44.57
2025-9-12 下午04:00:00,44.3
2025-9-15 下午04:00:00,44.15
2025-9-16 下午04:00:00,44.89
2025-9-17 下午04:00:00,45
2025-9-18 下午04:00:00,44.86
2025-9-19 下午04:00:00,44.26
2025-9-22 下午04:00:00,43.84
2025-9-23 下午04:00:00,44.59
2025-9-24 下午04:00:00,45.17
2025-9-25 下午04:00:00,45.58
2025-9-26 下午04:00:00,46
2025-9-29 下午04:00:00,45.15
2025-9-30 下午04:00:00,44.67
2025-10-1 下午04:00:00,44.67
2025-10-2 下午04:00:00,44.22
2025-10-3 下午04:00:00,44.46
2025-10-6 下午04:00:00,44.68
2025-10-7 下午04:00:00,44.75
2025-10-8 下午04:00:00,44.49
2025-10-9 下午04:00:00,43.88
2025-10-10 下午04:00:00,42.61
2025-10-13 下午04:00:00,43.19
2025-10-14 下午04:00:00,43.19
2025-10-15 下午04:00:00,43.16
2025-10-16 下午04:00:00,42.64
2025-10-17 下午04:00:00,42.99
2025-10-20 下午04:00:00,43.45
2025-10-21 下午04:00:00,43.35
2025-10-22 下午04:00:00,43.9
2025-10-23 下午04:00:00,44.49
2025-10-24 下午04:00:00,44.04
2025-10-27 下午04:00:00,44.14
2025-10-28 下午04:00:00,43.68
2025-10-29 下午04:00:00,44.01
2025-10-30 下午04:00:00,43.75
2025-10-31 下午04:00:00,44.07
2025-11-3 下午04:00:00,44.07
2025-11-4 下午04:00:00,43.6
2025-11-5 下午04:00:00,43.71
2025-11-6 下午04:00:00,44.14
2025-11-7 下午04:00:00,44.77
2025-11-10 下午04:00:00,45.18
2025-11-11 下午04:00:00,45.77
2025-11-12 下午04:00:00,45.13
2025-11-13 下午04:00:00,45.24
2025-11-14 下午04:00:00,46.01
2025-11-17 下午04:00:00,45.17
2025-11-18 下午04:00:00,45.53
2025-11-19 下午04:00:00,44.94
2025-11-20 下午04:00:00,44.43
2025-11-21 下午04:00:00,44.71
2025-11-24 下午04:00:00,44.59
2025-11-25 下午04:00:00,44.31
2025-11-26 下午04:00:00,44.64
2025-11-28 下午01:15:00,45.23
2025-12-1 下午04:00:00,45.66
2025-12-2 下午04:00:00,45.07
2025-12-3 下午04:00:00,45.92
2025-12-4 下午04:00:00,46.11
2025-12-5 下午04:00:00,45.92
2025-12-8 下午04:00:00,45.42
2025-12-9 下午04:00:00,45.7
2025-12-10 下午04:00:00,46.18
2025-12-11 下午04:00:00,45.96
2025-12-12 下午04:00:00,45.51
2025-12-15 下午04:00:00,45.19
2025-12-16 下午04:00:00,43.81
2025-12-17 下午04:00:00,44.78
2025-12-18 下午04:00:00,44.13
2025-12-19 下午04:00:00,44.13
2025-12-22 下午04:00:00,44.21
2025-12-23 下午04:00:00,44.5
2025-12-24 下午01:00:00,44.37
2025-12-26 下午04:00:00,44.2
2025-12-29 下午04:00:00,44.62
2025-12-30 下午04:00:00,44.96
2025-12-31 下午04:00:00,44.71
2026-1-2 下午04:00:00,45.65
2026-1-5 下午04:00:00,46.89
2026-1-6 下午04:00:00,45.64
2026-1-7 下午04:00:00,45.13
2026-1-8 下午04:00:00,46.55
2026-1-9 下午04:00:00,46.67
2026-1-12 下午04:00:00,46.34
2026-1-13 下午04:00:00,47
2026-1-14 下午04:00:00,48.06
2026-1-15 下午04:00:00,47.61
2026-1-16 下午04:00:00,47.69
2026-1-20 下午04:00:00,47.6
2026-1-21 下午04:00:00,48.75
2026-1-22 下午04:00:00,48.91
2026-1-23 下午04:00:00,49.19
2026-1-26 下午04:00:00,49.22
2026-1-27 下午04:00:00,49.67
2026-1-28 下午04:00:00,50.05
2026-1-29 下午04:00:00,50.51
2026-1-30 下午04:00:00,51.05
2026-2-2 下午04:00:00,50.05
2026-2-3 下午04:00:00,51.67
2026-2-4 下午04:00:00,52.83
2026-2-5 下午04:00:00,52.21
2026-2-6 下午04:00:00,53.25
2026-2-9 下午04:00:00,53.64
2026-2-10 下午04:00:00,53.58
2026-2-11 下午04:00:00,54.98
2026-2-12 下午04:00:00,53.98
2026-2-13 下午04:00:00,54.35
2026-2-17 下午04:00:00,53.75
2026-2-18 下午04:00:00,54.78
2026-2-19 下午04:00:00,55.18
2026-2-20 下午04:00:00,54.88
2026-2-23 下午04:00:00,55.15
2026-2-24 下午04:00:00,55.1
2026-2-25 下午04:00:00,54.87
2026-2-26 下午04:00:00,55.05
2026-2-27 下午04:00:00,55.92
2026-3-2 下午04:00:00,57.04
2026-3-3 下午04:00:00,56.52
2026-3-4 下午04:00:00,56.19
2026-3-5 下午04:00:00,56.48
2026-3-6 下午04:00:00,56.57
2026-3-9 下午04:00:00,56.32
2026-3-10 下午04:00:00,55.6
2026-3-11 下午04:00:00,56.98
2026-3-12 下午04:00:00,57.51
2026-3-13 下午04:00:00,57.7
2026-3-16 下午04:00:00,57.9
2026-3-17 下午04:00:00,58.51
2026-3-18 下午04:00:00,58.43
2026-3-19 下午04:00:00,59.36
2026-3-20 下午04:00:00,59.31
2026-3-23 下午04:00:00,59.63
2026-3-24 下午04:00:00,60.84
2026-3-25 下午04:00:00,60.57
2026-3-26 下午04:00:00,61.52
2026-3-27 下午04:00:00,62.56
2026-3-30 下午04:00:00,61.96
2026-3-31 下午04:00:00,61.26
2026-4-1 下午04:00:00,58.97
2026-4-2 下午04:00:00,59.25
2026-4-6 下午04:00:00,59.68
2026-4-7 下午04:00:00,60.16
2026-4-8 下午04:00:00,58.05
2026-4-9 下午04:00:00,57.33
2026-4-10 下午04:00:00,56.94
2026-4-13 下午04:00:00,57.11
2026-4-14 下午04:00:00,55.95
2026-4-15 下午04:00:00,55.76
2026-4-16 下午04:00:00,56.58
2026-4-17 下午04:00:00,55.02
2026-4-20 下午04:00:00,55.07
2026-4-21 下午04:00:00,55.87
2026-4-22 下午04:00:00,56.54
2026-4-23 下午04:00:00,56.98
2026-4-24 下午04:00:00,56.87
2026-4-27 下午04:00:00,56.77
2026-4-28 下午04:00:00,57.71
2026-4-29 下午04:00:00,59.03
2026-4-30 下午04:00:00,59.65
2026-5-1 下午04:00:00,58.85